Evaluations,BestCost
0,1301.4261916051432
100,823.5001821100402
293,749.5341618225543
486,728.7092957628993
679,723.7628999897402
872,710.0019439453949
1065,706.8945309402004
1258,705.9994358858225
1451,705.2096953952928
1644,699.919598746866
1837,698.209960611283
2030,695.8692346713117
2223,694.1588929982208
15926,694.1211710577581
