Evaluations,BestCost
0,1849.2639628796385
100,691.9439171830372
297,681.4756153286108
494,627.3752659403247
691,625.389836245967
888,615.5476234520439
1085,604.1818947796093
1282,601.9781052678072
1479,565.3665729932694
1676,565.2234896618694
2070,564.4386360973562
2858,564.299087247637
3055,564.24278446645
3646,564.1905586585302
11920,564.0976703133316
20982,563.6979591726321
21376,563.6105486490632
23543,563.610548649063
70232,554.7702414704324
70823,553.1564551229109
