Evaluations,BestCost
0,1258.329174781818
100,814.1523483830781
293,746.6602782830655
486,742.401725169888
679,695.9723392401615
872,690.8461365712348
1065,688.8068231428974
1258,688.100992521476
1451,685.7289394430951
2030,685.5162905746639
2223,684.9869523128928
2416,684.4144871527915
2802,682.7540143870687
8013,681.6870883943228
311602,681.5836505754623
311795,681.5555607874835
312953,681.0211240328636
313532,679.8778974632917
313725,678.7716313225563
313918,678.7061896423844
