Evaluations,BestCost
0,1480.744665189497
100,809.5338803231277
293,790.8498560905514
486,754.0805993381773
679,747.3870943741294
872,739.7973282991424
1065,720.9585378423106
1258,703.8727883059355
1451,697.9376456209097
1644,696.70157764341
2609,695.7429262393478
2802,694.1528353833406
2995,693.407752748275
3188,690.5815137343087
3574,690.3670393533721
44297,690.1838019921552
44683,688.4738189499255
44876,687.5498676249169
119181,686.9858879769447
