Evaluations,BestCost
0,2268.235736883643
100,1163.9002978455128
296,1135.5548375996825
492,1129.1649280466936
688,1098.5079571921237
884,1082.8024912734982
1080,1071.167722292366
1276,1065.4816558224893
1472,1038.5616448876021
1668,1016.5240540864079
1864,1016.46526814135
2060,1006.8838052599399
2256,1003.5296417089451
2452,1001.5464157572292
2648,1001.387192217551
3040,1001.3871922175508
4608,999.7047767814252
