Evaluations,BestCost
0,1589.285015076698
100,883.8523779386694
299,878.5429788587235
498,858.7229928803268
697,847.0967775759251
896,842.3116858450867
1095,835.3059041208933
1294,810.84877486143
1493,804.404991963388
2090,803.3664560746147
2289,802.6534037261597
2488,798.3085820714339
6070,790.6636506608945
81292,790.2126071913127
81491,790.2055432580395
84078,790.1837798129869
84476,790.0603505793069
