Evaluations,BestCost
0,1981.148187386855
100,878.6515764205558
299,848.1035686577048
697,836.2740793292655
896,829.612198796535
1095,823.1139604028367
1294,803.3116341684092
1493,801.6143234249821
1692,801.4258113347908
2090,800.3293184318766
2289,799.5637985576043
2687,797.9785140166075
3085,797.974682062059
3284,796.503981895984
4677,794.5444466752656
4876,792.4512463374442
33532,791.2478821508303
33930,791.2402758558223
