Evaluations,BestCost
0,2162.695037234745
100,997.35674269096
295,944.5640816267103
490,907.572644943634
685,898.6649384818145
880,882.5776478191501
1075,881.8084390802676
1270,865.4239164038197
1465,861.4434489939285
1855,852.1688365939372
2050,849.0803492511002
2245,844.6594539312553
2440,843.8658155643463
2635,841.615876386792
3025,835.2590100787404
3415,829.7323888955686
3805,829.1889695741429
29740,820.6027218025887
30130,810.9359700570856
30325,810.721940861848
31495,809.3626398992901
