Evaluations,BestCost
0,1330.3921788371795
100,806.3558352701848
293,738.4579597183279
486,729.6632152895966
679,699.2894635753601
872,692.892410967542
1065,688.923833926817
1258,685.1692469298698
1451,683.4211828320745
1837,683.2064977100968
3574,678.9638570229774
3767,676.0884122584414
