Evaluations,BestCost
0,1408.2102918345313
100,770.3903215803921
293,739.1089881014848
486,731.4072242770087
679,720.8487245088554
872,691.4909409464902
1065,689.1502150065189
1258,687.6753069707612
1451,685.3345810307899
1644,683.4222216586079
6276,683.1993458093257
51438,681.4622704271994
51631,680.4662350740659
51824,678.4359582409468
52017,677.1555944548586
295776,676.0884122584414
