Evaluations,BestCost
0,2329.070916267928
100,1191.4309678663528
296,1110.0695591539616
492,1038.7578708173487
688,1037.337683323251
884,1025.330772158719
1080,1023.0524812553851
1276,1018.1594425552244
1472,1015.4799579984522
1668,1009.6318606370147
1864,1001.2235104673299
2060,995.6188609199482
7744,994.7992342836727
8136,994.3771037407803
26560,989.5938354389008
26756,987.0510086290514
26952,985.2326107012665
27148,981.2521061163048
28128,981.2521061163047
28324,980.7041425590065
