Evaluations,BestCost
0,2367.979217786053
100,1092.2050194875383
295,992.421642394428
490,883.2291812893893
880,881.1743230643544
1075,879.8439795041772
1270,846.2425288166153
1465,842.5211794648769
1660,841.870897925004
1855,841.1908359046995
2245,840.8408119717787
2440,840.1905304319058
15505,840.1700256499062
21745,827.4098134860353
21940,825.8903578807638
22135,823.1181056393832
23500,822.0771894705908
