Evaluations,BestCost
0,1845.5019462502964
100,847.1672074236278
299,844.2910293817414
498,841.2225059946653
697,809.7727741125611
1095,808.705384161394
1294,805.6368607743179
1493,803.8467340105428
27960,802.635763528921
34925,801.8387994957592
35124,800.5357974510221
35323,798.1672436123807
38706,798.1672436123806
170842,795.9083638046538
171041,794.5234363385239
