Evaluations,BestCost
0,2869.500031101322
100,1193.0716095509415
296,1180.9410963057167
492,1091.2994871133883
688,1062.9355076743643
1080,1034.840139046848
1472,1032.091891934674
1668,1029.7702654703485
1864,1027.1554634662546
2060,1026.450209549309
2256,1024.4876815327552
2452,1019.7490018582521
2648,1017.9394757460032
3040,1017.1341998541584
4804,1014.2108291983104
5000,1013.193320731543
5392,1006.9294936903859
5588,1004.1094874750929
5784,999.3387268624049
6960,999.3387268624047
