Evaluations,BestCost
0,1442.9747735925307
100,774.6845412029959
293,759.4282621870984
486,721.8644988654714
679,718.8889827094315
872,705.2536990234025
1065,696.415324486891
1258,688.1397571771047
1451,687.925072055127
1644,685.9480498159567
2030,680.5875382816373
3188,676.0884122584414
