Evaluations,BestCost
0,2314.842445418219
100,1082.306718170917
295,1074.9292827626684
490,999.60035238611
685,963.9957088755679
880,919.5200402254237
1075,878.4876784169439
1270,855.94863265413
1465,853.2251317425796
1660,847.9298175896424
1855,816.8868270703365
2050,815.6953144887514
2245,813.6370082801052
2440,812.6594571785121
2635,810.699317343808
2830,809.4155326182403
27595,809.3763605836897
27985,808.7026097356141
