Evaluations,BestCost
0,2420.327428165101
100,1195.5686703677402
296,1097.0455672171188
492,1066.0277893558207
688,1035.293186456678
884,1013.0899075453797
1080,1006.2908581302125
1276,980.5209275695058
1472,980.3644443833349
6176,979.9720172996331
6372,974.1142841994973
6568,965.1926944429623
