Evaluations,BestCost
0,1560.2101107235371
100,827.4087614091578
293,730.2270902981224
486,727.6679299529482
679,711.4061336169494
1065,708.4306174609096
1258,704.6114139750669
1451,702.6127502588356
1837,702.5735782242848
2030,701.7705408567551
2223,698.8135041648497
2416,695.3465247639467
2609,690.7708211436886
2802,690.2839091317653
3188,688.2395182218406
3381,688.2264376230287
4153,687.5642528053171
4346,687.4845822643982
