Evaluations,BestCost
0,2094.6606766580844
100,1012.6819614614819
297,843.4934829735375
494,714.0455249850677
691,703.3730792436944
888,694.0608987969249
1085,628.4470655421175
1282,620.884126543429
1479,618.1262534881671
1676,613.298704476649
1873,612.4153016777476
2070,609.59820104956
2267,609.4540134670874
21967,598.5104439538165
25316,597.8866366432043
25513,596.7403437141968
25710,596.4992260823017
37727,595.2050279441017
37924,595.0044135165523
38121,587.9538155691358
