Evaluations,BestCost
0,1946.5523854897908
100,872.7954953055075
299,859.2579543877745
498,826.4610313853407
697,821.0019009517922
896,819.3147691580385
1095,816.2434653929306
1294,815.2717004726343
1493,805.1608485829436
1692,802.6938855826318
2289,801.4343725343554
5075,801.3109433006754
