Evaluations,BestCost
0,1930.068280238868
100,877.5477820335318
299,854.794154916991
498,830.1463751301018
896,824.5697454986522
1095,822.6517477966638
1294,790.1837798129869
8259,790.060350579307
