Evaluations,BestCost
0,2318.60838377316
100,1133.3242112552666
295,1009.1381917526119
490,1007.008814271753
685,923.1650842052327
880,891.7901714354488
1075,882.2127167023975
1270,876.1978344562715
1465,850.7926559268395
1660,848.6632784459805
2245,846.9409786033589
3220,831.1861085086484
40855,829.6015420172722
41050,829.4989229805229
43780,829.4602787963862
44365,829.4602787963861
49045,829.2039814791976
68545,824.3909576665067
