Evaluations,BestCost
0,2758.534877798591
100,775.4309386699908
297,773.4407590939517
494,680.9032706268713
691,652.421379092752
888,651.6001392342985
1085,600.302126834951
1479,597.6254887573465
1676,593.3375276506722
2070,587.4992039698154
2267,583.0108289997896
2464,582.0167190485471
2661,577.7570393992113
2858,556.1356191319433
3449,555.9027405354811
3646,555.7585529530087
4040,555.7521076444716
48562,554.4113369576953
48759,553.7436358868509
48956,553.156455122911
