Evaluations,BestCost
0,2118.982328485744
100,1141.0050054522405
295,1061.8861182438502
490,1024.565636340377
685,958.7053776788005
880,950.5433830604322
1075,927.4145888304151
1270,889.512584993577
1465,867.3359501043577
1660,853.9158449897727
1855,849.4309552528227
2050,847.0619725615188
2245,845.5094974835503
2440,844.5319463819573
2635,842.288337178387
2830,841.6618856791536
3220,825.9779216697775
4195,825.6478437064204
8875,815.4780306647045
25255,815.134884914197
