Evaluations,BestCost
0,1846.6624960864785
100,852.5237113206772
299,851.5175656466249
498,841.0536072827606
697,836.6816815879633
1095,823.8638760855288
1493,822.9720352965996
1692,821.4177869951641
4677,819.4315505728348
5473,807.0114843740871
5672,806.4277666324792
6070,803.108738818141
6269,802.9789079951661
7065,802.9366032704336
189946,802.8033638503963
194523,800.5618447206671
194722,798.4713711755885
194921,796.5568562113527
