Evaluations,BestCost
0,2088.7696616145204
100,901.6199178928878
299,869.1411959901582
498,854.6799650332013
697,839.4085997443912
896,831.2239669750414
1095,824.7124569943749
1294,804.0739783391374
1493,802.3766675957103
1692,798.0318459409845
2090,796.503981895984
3085,794.5444466752656
3284,792.4512463374443
86068,791.9679820744971
86267,791.2402758558225
