Evaluations,BestCost
0,2220.1974887530646
100,1000.9202019976909
301,971.9821246662435
502,954.6311800762167
703,946.7502139752847
904,942.1189894998461
1105,932.5935511365591
1306,894.9753299576164
1507,894.2177955268849
1708,893.0465492611594
2311,892.2346269451448
2512,890.2812877961576
3517,890.2547403972897
4924,889.3762340233907
5326,885.8090306501791
5527,885.397532007462
5728,884.3118958125721
5929,882.8061317640984
