Evaluations,BestCost
0,2465.750361396609
100,1050.8888520714504
301,1033.0881907729558
502,978.3156308881657
703,937.6363127016692
904,931.1258926751098
1105,927.4452743614806
1306,926.8872678515414
1507,926.6081846087858
1708,926.2102094414431
6331,923.288979484352
46933,914.8754437028267
47134,912.257486482969
47335,911.263595171598
47536,911.1147432494913
62008,911.1050713905672
62812,911.105071390567
