Evaluations,BestCost
0,1883.0436909713387
100,943.4297717468972
302,916.0760435145048
504,901.8745125225197
706,900.0896245436202
908,899.7375962847955
2524,899.7140603973364
4544,872.4077541602721
67164,841.2821963836625
80900,835.2314738849111
81102,814.7550317367334
81304,813.8519602291383
81506,808.3240961841379
262498,808.2272100213688
262902,807.7163534478516
