Evaluations,BestCost
0,2631.280868952254
100,1180.6195206019447
299,1106.936944321247
498,1102.7170289361727
697,1061.4881924673657
896,1056.9959210450954
1095,1020.0050839039552
1294,1009.6797084789098
1493,1007.2257356106439
1692,1003.5546208120288
1891,1003.1075633186165
2090,999.5607889876354
2289,997.1068161193696
2488,995.5286553383942
3085,995.5286553383941
18806,995.4297531418697
73133,994.4575058645464
74725,994.3838599231308
150146,994.3387846505889
150544,994.134753285573
