Evaluations,BestCost
0,1813.9129281019952
100,877.4011706196978
302,865.3666432414872
504,836.5572879413897
706,802.5366739650332
908,793.4561423094809
1110,789.0099332100344
1312,785.3744953704181
1514,782.1279527630646
1716,780.4405226371141
1918,762.8809963422171
2120,757.7851721220458
2322,749.4784685887921
2524,746.4802045622847
2726,746.4073003108
2928,743.4029538525425
3332,742.8632965654824
3534,742.3145466776912
4342,742.314546677691
55650,742.2204547839573
