Evaluations,BestCost
0,1900.9450148910537
100,845.4016242240289
302,831.7296152712627
504,819.6595588317435
706,780.6797321399947
908,774.0323482214086
1110,768.7828582986688
1312,766.3928543239149
1514,763.1019472184689
1918,762.6166658442305
2120,762.6166658442304
2322,761.8416018239482
2524,761.0776698014479
2928,760.6409616035094
5352,737.103193323745
5554,732.8442903131927
