Evaluations,BestCost
0,2405.9519889343865
100,1188.9492009375595
299,1126.3970059629755
498,1120.3165247188442
697,1012.3321413539297
896,1003.3813331757501
1095,988.0286614256349
1294,981.842490147947
1493,975.9484260021848
1692,972.583588324484
1891,971.429029573862
2090,967.3804989863786
2289,966.2594444553297
2687,965.3879016277772
3682,965.1235325086898
