Evaluations,BestCost
0,2280.173433956052
100,1010.0058521641964
301,969.777029718202
502,936.1870814606549
703,933.1850485844727
904,926.202954198427
1105,925.4454197676955
2110,925.3552598079334
3316,910.6055463834405
3517,910.1234136587129
58792,908.7160298044147
61204,907.5077735278775
61405,903.6751549529068
