Evaluations,BestCost
0,1993.8001728904496
100,925.8794037236455
296,832.7233547629863
492,826.5630922997514
688,814.6736112073695
884,804.7938147884902
1080,780.8416749076362
1276,778.6248833546708
1472,776.9714606583432
1668,775.5342909279823
1864,774.8456358247211
2060,774.3833927148703
2256,773.7008525569871
2452,773.409791116581
3236,773.298816430441
3432,773.1498804090933
3824,773.0389057229532
8136,772.9376072577588
11076,772.7860367799873
11272,771.2118550815804
24992,771.0171964925788
