Evaluations,BestCost
0,2162.8281594755845
100,913.1019750290722
296,894.3509611160885
492,857.9197421222782
688,856.7477653515255
884,830.4301979772677
1080,815.780328170307
1276,760.6345512812243
1668,760.2362056435561
1864,758.369683543347
2452,758.1717028395993
3432,757.9625297654668
4216,757.1857319637651
5784,756.7873863260969
5980,754.7088636607942
6372,754.0538909336742
6568,753.7200403982521
162584,752.2265059059472
