Evaluations,BestCost
0,1882.888003542239
100,962.2207806201316
302,942.4313925352711
504,926.1790817962719
706,893.7170526522989
908,891.835057164662
1110,880.8489931252494
1312,877.2404586579391
1514,877.1473377492371
1716,873.4255697060566
2322,856.805439807461
2524,828.458835795398
2928,827.4671047579683
3534,823.8672709999101
3736,823.6406576071846
3938,822.7549531692354
4948,822.5843981639672
5958,812.1813491402089
17876,810.3868307780593
18078,809.8874513323932
