Evaluations,BestCost
0,2466.4834030366824
100,936.9217362211002
301,903.421055192561
502,894.3836715643163
703,890.1311878902575
904,882.0054177790944
1105,871.1874082821923
1306,869.5874320784778
1507,866.9722757378172
1909,852.0849674471358
2110,851.1056767290947
20602,850.7220082649309
20803,849.8402129464267
21004,849.1841983732852
21205,848.1278610436134
