Evaluations,BestCost
0,2519.6437485023944
100,928.1400577506248
302,924.4145364802879
504,919.4253285508759
706,915.5081398549695
908,911.6934229548727
1110,897.0480263997449
1312,869.5751640827406
1514,846.3409260276546
1716,846.3211611898175
1918,843.6262086252935
2120,838.9491473611979
2322,833.9357924923088
2726,831.6797619637534
2928,829.6827435732451
3938,829.1741095722099
4140,828.7001254633437
4746,825.6765708030656
5352,825.4857230998653
5958,825.0732669998441
