Evaluations,BestCost
0,2747.0592929263844
100,1073.8520761351713
302,986.1716597101235
504,956.9146968896723
706,955.3240870277398
1110,930.0058998112074
1312,928.3661920980796
1514,926.2691088380332
1716,924.4894953063626
2120,923.8486176670253
2322,923.6321669988215
2524,923.6238903579583
2928,922.2111693692661
3534,921.7016138832371
5352,920.2779612750546
52822,910.1115664450945
53024,907.5363706507637
