Evaluations,BestCost
0,2502.5711032507193
100,1035.9621601140186
301,1027.0535844872027
502,1000.2019946925599
703,982.3572831074646
904,971.322244767845
1105,967.7852610717663
1306,962.8035071325556
1507,956.8941684505959
1708,951.5045448180286
2110,951.0681907453222
2512,949.9950081895547
4120,946.2401556736006
10150,945.7350788502177
40702,942.2684527726699
40903,942.2375986098925
41305,941.6584215682576
42109,941.6275674054802
