Evaluations,BestCost
0,2646.1885934579304
100,986.776960574844
301,985.784547582392
502,948.0349915475286
703,942.3041130254146
904,938.6114971451768
1105,938.6114971451767
1306,935.9014415800249
1507,935.5743847108763
1708,934.0376725139593
1909,934.0376725139591
2512,934.037672513959
4120,933.0982946937664
4522,933.0982946937663
9145,927.5312492104581
17185,924.9243606805892
42109,924.9146888216651
42913,924.914688821665
260194,917.9782621245121
