Evaluations,BestCost
0,2621.2290976093113
100,1160.4346449694483
299,1124.6399731949218
498,1106.7760392231432
697,1096.7038480788071
896,1016.1807685328984
1095,998.9657660844637
1294,986.5649243555106
1493,938.1050195329437
1891,936.0844343177657
2687,935.8200651986785
