Evaluations,BestCost
0,2479.3378027354256
100,946.649954797384
302,900.9056836276887
504,889.3479632663935
706,875.0930128313655
908,842.2680249514895
1110,837.105144540449
1312,828.2154744424992
1514,823.9046829680829
1716,819.8352739056367
2524,814.3765265109681
2928,812.5883450187578
3534,812.4586427535576
3736,812.4586427535575
4140,811.0182819489347
4544,793.151036741782
11816,790.3663143244985
