Evaluations,BestCost
0,2741.294642174182
100,901.5760250889364
301,897.263242290881
502,894.4417853867446
703,887.6025943095722
904,883.3242441325294
1105,879.1091115881541
1306,866.0237595803894
1909,866.0237595803893
4120,864.9999258559588
4321,863.3624216482258
4522,855.4066063050191
5326,855.0299927061725
6532,854.2873929668016
6733,853.0976262433867
7738,852.6008904902218
8341,851.5732361345387
185623,850.8171870052479
