Evaluations,BestCost
0,1776.039116306358
100,903.8650119864644
302,873.4880099776556
504,815.6311241143209
706,795.200541915697
908,784.2185531230936
1110,776.9359471281759
1312,769.5912152570713
1514,768.3533704798413
1918,764.9454440953159
2120,764.9187992545772
44540,763.3034716362101
44742,761.6571923598356
44944,756.5578452105281
57670,756.2492876370745
65346,755.8466191067208
65548,755.5224461774112
