Evaluations,BestCost
0,1981.10044910594
100,872.0030807444034
296,822.0063586139884
492,814.4660687110309
688,803.2850202112754
884,801.7126180830351
1080,781.0271126482883
1276,778.9779921986532
1472,777.2292862420638
1668,775.0082862108166
1864,768.4689171736837
2060,768.2236697972123
2452,768.0144967230799
25188,764.4835795672257
32048,764.4835795672255
