Evaluations,BestCost
0,1975.5452956506501
100,966.2557748788233
296,899.016707365472
492,880.2722289568613
688,870.4770731425403
884,850.7169555305932
1080,848.6847898699075
1276,785.1728728001813
1668,773.1520526669817
1864,764.7915646032534
2060,761.8158582587054
2256,758.1395808888697
2648,756.2730587886607
2844,756.075078084913
3236,755.8659050107804
5980,755.2462984917727
