Evaluations,BestCost
0,2691.190737180759
100,889.6845878089446
302,866.915272314198
504,830.0452198108653
706,825.270034444233
908,820.6829615041954
1110,814.6976524548893
1312,809.5519753922852
1514,803.308419739474
1716,799.5967665434782
1918,796.278431609936
2322,794.5722881631186
2524,793.3752040902659
2726,793.248004465902
2928,791.0655698414976
3130,791.0655698414974
