Evaluations,BestCost
0,3022.2673581162917
100,1132.7455678100716
296,1057.6524995368393
492,1049.0392772183773
688,931.9294470044018
884,907.652918953513
1080,861.1996153641115
1276,860.2660164390371
1472,786.5474387492345
1668,782.6648509797797
1864,778.0825664597294
2060,773.0244901713963
2256,771.2381436147757
2452,767.685218229018
3040,757.3860520348692
3236,756.7487719517967
