Evaluations,BestCost
0,3730.564360946504
100,1377.1344115747074
302,1318.9722551540551
504,1276.1770729185791
706,1273.1140158979977
908,1256.1090420968876
1110,1241.1952417093044
1312,1238.1321846887226
1514,1205.5052077663875
1716,1201.3964401987687
1918,1196.6934030654522
2120,1189.8206308546157
2322,1187.2086402857924
2524,1181.094452730945
2726,1179.094452730945
2928,1178.8296081264143
3130,1178.4626566340976
3332,1178.3919089726267
119482,1174.6941349598762
