Evaluations,BestCost
0,2724.1140084069643
100,1487.0222976144696
299,1477.2940693969144
498,1429.704728489286
697,1387.808526709321
896,1377.9812836004385
1095,1360.4412767076565
1294,1359.5812647377406
1493,1355.567309756204
1692,1352.6547441784646
1891,1351.5177478050891
2090,1347.0863953004755
2289,1346.9380610400956
2886,1346.8967367313535
18010,1343.6365822087005
18209,1341.8616415384272
18607,1338.6566899066404
