Evaluations,BestCost
0,3711.454484210204
100,1206.6084835859415
302,1199.4139126378373
504,1193.3265048871558
706,1190.647031344385
908,1190.0451130600666
1110,1188.0472801749088
1312,1187.8615062135675
1514,1172.1603188477275
1716,1166.0343251839915
1918,1162.2477768980946
2120,1157.3895501426416
2322,1157.3493429069604
2524,1153.8032630254422
2726,1152.0574285151927
2928,1150.0919998271943
3534,1149.2576864822456
4342,1149.2576864822454
