Evaluations,BestCost
0,3447.0041208133634
100,1295.478816943474
302,1292.5443495627592
504,1274.6714337710728
706,1269.9445209696541
908,1262.003210983687
1110,1258.8510885901005
1312,1257.7440514984482
1514,1249.6141235648238
1716,1244.4929943260572
2120,1236.6996978068305
4746,1236.533773524549
5352,1234.469278422303
