Evaluations,BestCost
0,3921.8406150792202
100,1981.693261644412
298,1961.887994551395
496,1871.910740997688
694,1819.8688637764938
892,1815.9080349441817
1090,1762.75087803798
1288,1752.6196907025235
1486,1733.038122511676
1882,1721.9603651413086
2080,1697.3116063681414
2476,1688.676620675589
2674,1687.8852978147706
2872,1687.8607129407096
3070,1683.1848115740872
3268,1682.4779484166827
3466,1682.398920956523
5248,1680.4055618817702
