Evaluations,BestCost
0,3460.582066049369
100,1131.3531090897673
296,1050.889089467239
492,934.3630127221232
688,915.4235570214989
884,887.7226749076146
1080,840.7537547267259
1276,822.0005294858802
1472,813.5677499960611
1668,797.6803551420171
1864,795.5380828271432
2060,776.940624035683
2256,771.5804461284595
2452,769.1443376468667
2648,768.4124052656141
2844,763.354328977281
3040,759.1641235084512
3628,758.5658874936764
4412,757.5137469597505
7156,756.7487719517967
