Evaluations,BestCost
0,3471.117484988603
100,1261.3036899919953
302,1256.7364346896543
504,1252.601823885962
706,1249.5387668653802
908,1247.8717380667554
1312,1245.8538335813614
1918,1243.6032622789985
2120,1230.0845597175025
2322,1221.204773383493
2524,1212.7496114394712
2726,1206.287552215871
2928,1197.407765881861
3130,1192.1465313550498
3332,1184.009935736778
3534,1181.5272451350002
3938,1179.3284782250407
4140,1178.7487012099668
