Evaluations,BestCost
0,2637.408636492695
100,1020.626062551016
296,997.503470879197
492,932.7303471356079
688,879.2836091817004
884,865.0695330234955
1080,833.2584272964989
1472,799.1440629856373
1668,793.6347893708079
1864,777.1639382992254
2060,770.6215692776051
2256,767.6387726902351
2648,766.4422811922178
2844,763.7309289009711
3236,760.3801186592891
3824,760.0508380173978
7352,759.5166715289444
201588,758.4846186146256
201980,757.3842919650405
202372,757.0550113231491
