Evaluations,BestCost
0,3716.4022833602176
100,1334.8278552185666
302,1176.9334618532848
504,1171.1510303306527
706,1168.087973310071
908,1166.105923409842
1110,1165.9268227872221
1312,1164.2279587803785
1716,1162.3517783099235
2120,1161.1691854892051
3938,1160.5894084741312
