Evaluations,BestCost
0,4004.3012405279646
100,1648.648721045844
302,1640.8991028900273
504,1628.2572353338055
706,1597.8877769292637
908,1597.3243261699579
1110,1588.7117153830031
1514,1585.483217961567
1918,1583.5015356923777
2322,1549.641567269398
2524,1546.759206474696
2726,1537.2130049709508
2928,1536.2934447000664
3332,1534.3003067187994
3534,1533.0001586040428
3736,1528.0657321949982
4140,1528.0330039616442
4342,1527.821501222934
6968,1527.8215012229339
