Evaluations,BestCost
0,3142.6097920047296
100,1016.4429511133794
297,996.4433199957011
494,920.7381486890428
691,894.0534134138845
888,864.3221115275229
1085,855.2111292797777
1282,839.9767191167489
1479,835.8477289122568
1676,818.959843857295
1873,801.098838949189
2070,790.274516524224
2267,786.1455263197322
2464,783.7014707384678
2661,774.9353350293815
2858,767.79948728042
3055,762.3685577346919
3252,758.1103718739233
4828,758.1103718739232
6010,757.8426996990713
7192,756.6711268238175
