Evaluations,BestCost
0,3802.4152960963256
100,1338.0469827070715
302,1324.7384387313004
504,1180.9113867363349
706,1174.5491781986289
908,1171.0866423582752
1110,1169.222538860285
1312,1168.8742593845157
2322,1168.0399460395668
2524,1166.9980789140607
2726,1166.1637655691118
3130,1166.1637655691115
