Evaluations,BestCost
0,3837.7001074587965
100,2005.0430613769524
298,1930.2146138675557
496,1851.7166463291292
694,1787.458173027512
892,1774.6320536346548
1090,1748.7541618397495
1288,1720.233118458415
1486,1718.009297304303
1684,1710.9210730640239
1882,1709.205490934089
2080,1709.1468342640078
2278,1708.944203109618
2476,1708.9207735728296
3268,1708.794525758702
7624,1708.7945257587019
9802,1707.389818180493
10000,1706.0489043905695
10594,1705.2482818066014
10990,1705.200684844106
