Evaluations,BestCost
0,3906.767827879736
100,1343.6781965121913
302,1343.4805771316546
504,1341.4617192171518
706,1202.6317482940503
908,1201.1304927022816
1110,1185.063190881695
1312,1179.5109200920328
1514,1177.4920621775302
1716,1175.2004243378342
1918,1173.1815664233316
2120,1171.3053859528763
2322,1170.1227931321582
2524,1169.873307252132
2928,1169.5063557598153
74234,1169.506355759815
