Evaluations,BestCost
0,3782.5486023823337
100,1941.3232095055469
298,1833.4324329859746
496,1825.1533319625287
694,1783.9986564790922
892,1767.1740686707572
1090,1759.2173860000712
1288,1724.0553320974475
1486,1701.1896300895248
1684,1700.566948489283
1882,1694.8565003056394
2080,1689.8647156258473
2278,1682.7764913855679
2476,1679.5140402916884
3070,1677.9615413097379
28216,1677.8619899334994
28612,1675.396010614486
28810,1675.344112361698
29800,1674.9434687020182
