Evaluations,BestCost
0,3318.6744762321628
100,1247.391339948341
302,1208.4888336451481
504,1168.529348204546
706,1165.7518006364871
908,1079.745504008877
1110,1076.9679564408182
1312,1075.1577566846709
1514,1074.093556059437
1918,1073.3694842022328
2120,1071.3160084913782
2322,1070.5919366341739
2524,1070.128273214407
4342,1069.7311485550717
4948,1069.6259636765753
38682,1067.6453337135463
330976,1067.0884451474362
331380,1066.569273805612
331986,1066.528251431603
