Evaluations,BestCost
0,2804.342713240472
100,1184.575946027297
302,1173.620647036043
504,1079.8885841984336
706,1071.8050051217351
908,1067.9894522296818
1110,1034.5707399832202
1312,1030.5943749165076
1514,1024.4653847120155
1716,1022.9862863512087
1918,983.235095009601
2120,976.3392604711555
2726,974.2735284132391
4140,973.5098259242545
4342,971.5291959612252
5756,970.6421470310945
10604,970.375412269859
213210,969.983911681472
213412,966.8974339767433
