Evaluations,BestCost
0,1347.1699529853395
100,735.2196448184425
292,671.249533040317
484,656.7819901294658
676,588.7103251873925
868,571.6845259033157
1060,569.8846342332732
1252,569.7461012117925
4516,568.5625010705219
