Evaluations,BestCost
0,793.4588277342219
100,445.148837322699
301,424.35805719993874
502,416.9091619947877
904,407.68984068357804
292756,407.55631583301044
293158,403.5224804716297
293962,400.2413110344214
294163,383.8747721548013
