Evaluations,BestCost
0,1570.0532479299263
100,687.8630423249724
292,671.9365782506941
484,635.5219192990197
676,619.2625694848037
868,614.8814131049265
1060,572.8536016408045
1252,571.053709970762
1444,570.8856340827188
2020,570.0137426411461
2404,569.7461012117925
3364,568.5625010705219
