Evaluations,BestCost
0,899.775380778828
100,461.4113055931896
301,446.7066380898449
502,443.9878782153938
703,436.18810455246773
904,435.013662867352
1105,435.01366286735197
1507,432.8577969579049
1708,421.19455743716793
243712,418.131593649082
243913,410.35983963891647
244114,408.3741206171081
244717,406.9354969300177
