Evaluations,BestCost
0,1454.3340055849312
100,705.7077392847507
292,672.7960505139594
484,593.1548796453037
676,573.0157149811765
868,568.5625010705219
