Evaluations,BestCost
0,792.8523162351856
100,524.8165457811427
301,494.4835529841272
502,458.33364291064936
703,454.90292635851245
904,442.38273957705906
1306,438.5791762378045
1909,434.5959460793255
2512,431.75430093479804
45124,429.39822555656895
45325,421.63483849415843
46330,417.8194029243101
47536,412.969677679151
47737,408.60008161310043
47938,408.6000816131004
237883,392.8475400691806
238084,383.5168302536042
