Evaluations,BestCost
0,1445.9771383066397
100,732.6192196188262
292,690.1677898844558
484,658.7617845675252
676,636.8355746527042
868,591.3174396022873
1060,575.0721904354882
1252,571.9521673326692
1444,570.0137426411461
1828,569.7461012117925
6052,568.5625010705219
