Evaluations,BestCost
0,1508.349508640889
100,680.0241095701181
292,631.4129279835488
484,626.7268681856017
676,618.0925434442574
868,612.9589421752523
1060,600.4830119359402
1252,596.2591478896637
1444,575.512063931018
1828,574.1207401207517
2020,571.2862101485681
2212,570.3623927405642
2404,568.5625010705219
