Evaluations,BestCost
0,785.3339889358631
100,464.9973093454041
301,458.68886510058786
502,437.0741110873652
904,429.35683716076704
1105,424.51810283418234
46732,417.7381327029387
47335,394.7710628153784
47737,379.43109562077893
60199,375.2797871480125
