Evaluations,BestCost
0,1262.183969876989
100,746.7344337908839
292,668.3237087291428
484,622.9253070754228
676,616.4319637239948
868,571.8136343111886
1060,570.0137426411461
1252,568.5625010705219
