Evaluations,BestCost
0,1386.754404461985
100,671.5216742652827
292,621.4298209301771
484,597.6568293093501
676,568.5625010705219
