Evaluations,BestCost
0,796.1961240441326
100,468.4456039914904
502,411.92138859609236
703,407.0974127755784
1105,403.66521306834807
1306,396.6350987559259
3115,395.40576896376103
17185,393.5445107178849
17386,392.31518092572003
35074,387.27454069247545
