Evaluations,BestCost
0,1304.6401841855127
100,746.7344337908839
292,654.9671257323635
484,647.9289064422371
676,598.6645064160366
868,591.222855062706
1444,572.469810289839
1636,569.7461012117926
2212,568.5625010705219
