Evaluations,BestCost
0,716.9763719764672
100,484.6663753390719
301,468.98604370765486
502,449.4767060580995
1708,435.32385283180815
1909,414.8161540223372
5125,413.5868242301722
19396,402.9212433013247
19597,394.77106281537846
20200,394.69835173513883
20401,379.43109562077893
20803,379.4310956207789
30652,375.2797871480124
