Evaluations,BestCost
0,689.7588331751822
100,504.2478797599357
301,443.64585381565644
502,438.71317620913146
703,423.9253910328761
904,421.3316583715361
1306,421.16330513754235
1708,407.6898406835781
68440,406.68568773519837
68842,404.2593008622581
69043,399.48967125810805
114067,386.4685048161413
114469,383.87477215480135
114670,383.8747721548013
