Evaluations,BestCost
0,800.0023275442097
100,495.0709220087139
301,462.3711649415594
502,436.20932217800237
703,435.5543570092444
904,427.097172334271
1306,418.4854398720081
1507,416.66826381274996
2110,416.4050386150574
2311,414.7211085196765
2512,412.22230924507085
2713,409.9302251746263
279490,403.60391739243636
279691,394.69350428068566
279892,377.2621803714871
280093,375.2797871480125
