Evaluations,BestCost
0,1409.803955972578
100,736.4221340976034
292,700.0234003129389
484,682.4153513035252
676,604.2945338054275
868,573.6961023395271
1060,568.5625010705219
