Evaluations,BestCost
0,1701.9941834295232
100,611.8611738260331
301,599.7534090129136
502,593.6347536261837
703,574.0130556569804
904,562.5381085099812
1105,550.7278572439646
1507,548.6419175290862
1909,546.9288656786139
283309,546.7942064269222
286726,545.750254118479
