Evaluations,BestCost
0,1764.1338460836962
100,953.1991231137849
299,931.2208162289332
498,915.0130788083447
697,891.0803370796796
896,889.0239639102552
1294,888.798039206491
1493,886.4650458194614
1891,886.1101803814988
2090,885.3842931502163
3483,885.3842931502162
44278,885.3026845225871
44676,879.9400661574514
44875,879.7141414536873
45074,879.585200719489
47661,879.5852007194889
