Evaluations,BestCost
0,1710.0374471013088
100,949.090477988743
299,930.8693785100313
498,923.8064235848121
697,921.7500504153879
896,912.674686400618
1095,901.0020357320986
1294,893.7380236877643
1692,892.0166837806887
2488,891.2907965494062
47462,882.4501366990726
47860,876.6504050304435
48059,869.9147965434411
48457,868.7556322537835
49054,868.7556322537833
49452,867.2832451651786
154524,866.1744168527933
