Evaluations,BestCost
0,1910.2020012472199
100,637.4737818543113
301,587.0123983119955
502,583.5788657666452
703,575.5306272901882
904,573.9711756963359
1105,555.5098248363912
1306,547.7482351872898
1507,546.9288656786139
64219,543.1937315258292
65023,541.0353146519162
66430,540.2961900808807
71656,539.8386387988794
73666,538.7946864904361
