Evaluations,BestCost
0,1771.6087464468585
100,608.3280042889761
301,587.1622585220716
502,583.019503626535
703,568.6464279688454
904,559.1205189827499
1105,555.6670970455477
1306,553.9540451950754
1507,547.2382322677599
1909,546.3331464152997
2110,542.6690950742502
3919,542.3199176052767
4321,542.3199176052766
4924,541.2759652968334
5326,538.7946864904361
