Evaluations,BestCost
0,1547.3046007996145
100,917.0951371011588
299,863.6605815278867
498,860.8414040386422
697,853.7845230925706
896,851.327729285392
1095,843.9416415784776
1294,843.7157168747133
1493,843.2157543471949
1692,842.9898296434308
2687,842.9898296434305
