Evaluations,BestCost
0,1544.587124518438
100,601.4079285701018
301,583.5450732480039
502,565.2497197158767
703,558.7547002729779
904,556.3983884279781
1105,554.3124487130997
1507,549.8906611561
1708,546.9288656786139
10150,545.750254118479
