Evaluations,BestCost
0,1721.6770104990233
100,882.1495927007227
299,880.2488924712818
498,873.6844291312377
697,871.6280559618135
896,871.4021312580492
1095,862.2400692974494
1294,859.2130989145734
1493,857.5041854127322
1692,856.7782981814496
1891,856.5523734776854
2090,856.4829224525587
2289,856.1280570145963
4080,856.1280570145962
