Evaluations,BestCost
0,1877.3405944610702
100,610.132554372425
301,604.3092802380771
502,592.6069028663692
703,583.766250180051
904,576.2325880280441
1105,573.336689652413
1306,558.3757024874433
1708,555.7732560992888
1909,553.95832541185
2311,552.2452735613778
3316,545.750254118479
180196,545.2891941068563
180799,541.6251427658069
183613,541.2759652968334
185020,538.7946864904361
