Evaluations,BestCost
0,1844.78691249293
100,939.5258591678846
299,920.9619938629098
498,898.2135302846356
896,895.931232411447
1095,895.7401659867361
1294,895.2402034592178
1493,895.0142787554536
2886,890.4137232937265
3483,890.0729837597315
4677,889.3965743176349
5473,889.3965743176348
22587,889.1325825618688
22985,888.9066578581045
