Evaluations,BestCost
0,1598.8967108363563
100,632.3357887873627
301,611.8070129087791
502,605.9837387744312
703,577.5213636583837
904,572.2856110443724
1105,565.7905916014736
1306,563.4342797564739
1507,550.7278572439646
2110,548.6419175290862
2512,546.9288656786139
27235,545.750254118479
166126,545.2891941068564
166729,541.6251427658069
169342,541.2759652968334
169543,538.7946864904362
170950,538.7946864904361
