Evaluations,BestCost
0,1555.487267499142
100,611.8611738260331
301,604.4607002827449
502,580.6952510218764
703,574.4699225825195
904,565.2978970970584
1105,560.8556455371801
1306,559.1425936867079
1507,553.4238851215127
2311,546.9288656786139
164518,546.7942064269222
165121,545.750254118479
244315,545.2891941068563
244516,541.6251427658069
245521,541.2759652968334
246325,538.7946864904361
