Evaluations,BestCost
0,1925.5437372909353
100,983.4940390737527
299,956.2360115810101
498,927.4566589085637
697,917.9604959558878
896,915.9041227864635
1095,899.6562168907072
1294,892.4203679419494
1493,888.3558728397035
1692,886.0020322927404
1891,885.5850411642651
2090,880.4089789873443
2289,880.1136032584534
2488,879.0245270884242
2687,878.7291513595331
3881,878.239234900003
70745,867.165089866276
70944,859.6115248752276
