Evaluations,BestCost
0,1704.9347439115272
100,611.8611738260331
301,598.9100902770451
502,583.3446377927316
703,570.1449240137027
904,563.6499045708039
1105,561.9368527203317
1306,561.0386584422927
1507,557.887306152337
2110,548.3613971662417
4120,546.9288656786139
23014,546.7942064269223
23416,546.7942064269222
24622,545.750254118479
119494,545.2891941068563
119695,541.6251427658069
120700,541.2759652968334
121906,538.7946864904361
