Evaluations,BestCost
0,2030.4180311941163
100,977.1728158513149
299,945.3167726921108
498,920.7496784322458
697,908.5505571816693
896,901.1717440160958
1095,899.3351606969909
1294,896.9981120518682
1493,894.7158141786799
1692,894.5155481520353
2090,894.5035685283985
2687,893.7776812971158
