Evaluations,BestCost
0,1601.379072884572
100,983.2388961040425
299,934.6973513229791
498,923.2633651425094
697,915.5321744718397
896,892.878011658448
1095,890.5957137852595
1294,889.869826553977
2289,881.5347367187535
3085,878.8733100232407
3284,878.2594239957762
3682,877.9640482668852
126067,870.7412818650048
126266,865.352612356952
126465,862.5545734944434
126863,862.2591977655526
131838,862.2591977655525
202483,858.608325759394
202682,853.5924615374494
202881,850.8097793437419
