Evaluations,BestCost
0,1756.0978841727047
100,701.455999345514
302,694.2469918494003
504,683.0107245929483
706,660.4595989767759
908,649.9818944933653
1312,638.0559452486145
1514,636.9971648011956
1716,629.2611111507449
1918,625.7426922806098
2322,624.8773194970513
2524,621.7624862118889
3534,621.6295688673192
3938,618.9088603544135
