Evaluations,BestCost
0,1741.3655882348546
100,697.920180455641
302,683.5862360241783
504,664.0031380571145
706,654.88990260992
908,644.3874973160165
1110,636.7181825787438
1312,627.03386320971
1514,621.3017599333232
1716,614.0373987072091
1918,611.6567692203719
2322,611.2847515307037
2928,610.960041607995
3130,604.5255679165879
4140,604.5122915784941
4342,601.3837496040039
107968,598.177131820711
