Evaluations,BestCost
0,1837.3034611322892
100,713.1147860247188
302,682.0434498302241
504,660.2963777203006
706,643.7823447267011
908,636.425857234487
1110,629.1614960083729
1312,625.4312692086974
1514,623.3849040920115
1716,619.8997904417425
1918,612.2844075055664
