Evaluations,BestCost
0,1717.6544329677524
100,712.5621316752993
302,681.778702812886
504,659.0214488893555
706,649.412390649477
908,642.0334167840624
1110,638.0535792162831
1312,629.6043173976237
1514,620.4444554239116
1716,620.2821125531277
1918,616.931074222502
2928,615.72601823876
3534,611.0784747726738
3736,610.2261091575001
3938,609.9984707802865
4342,605.4920244530283
