Evaluations,BestCost
0,1631.3916563454634
100,698.8281369184317
302,665.1290202533874
504,644.0581161176826
706,623.9364929873731
908,623.0453931311404
1110,612.3079735974707
1514,592.9935421015573
1716,588.9022293631136
2524,586.745368906338
2726,585.6360177978322
3332,576.4447671524588
3736,575.5793943689002
