Evaluations,BestCost
0,2605.046827991126
100,1176.866581362134
302,1158.6832847928954
504,1144.8441856119089
706,1116.3866670688121
908,1075.8853426940357
1110,1068.3319788414633
1312,1060.6177274406969
1514,1051.011855272069
1716,1032.658910825974
1918,1010.688703538146
2120,1003.6292504619402
2322,1001.5326916096426
2726,997.3121631645569
3736,997.2023674093556
3938,996.939834177845
4342,994.037667818297
4544,991.8313132107982
186546,988.6771061167899
186950,983.9426923019599
