Evaluations,BestCost
0,2628.2925237796235
100,1421.1516627207689
302,1411.4696290580628
504,1389.0663041589564
706,1372.6821678906786
908,1363.501620334232
1110,1312.8400005567746
1312,1308.7342293037905
1716,1298.3937385461008
1918,1293.1657286130767
2322,1293.0733385383178
2524,1293.0733385383176
5352,1290.4174990362942
5554,1286.470007112357
5756,1286.4700071123568
6362,1283.8141676103335
9594,1274.6336200538867
10402,1268.221687384418
10806,1268.129297309659
