Evaluations,BestCost
0,2076.9306702568433
100,1147.0835445532994
297,1069.7350325745347
494,999.3217164578916
691,995.1276375419637
888,966.6420878551851
1085,957.150674738805
1282,924.167700527961
1479,914.9448017253721
1676,907.613199413496
1873,870.5096611289041
2070,869.0884873120956
2267,866.3075073615289
2661,861.8240597163115
2858,860.230441354372
3252,858.7812823765432
3449,858.7501253520325
7192,856.8789781265659
7389,854.1687925877327
7586,849.340821020435
8177,849.3408210204349
