Evaluations,BestCost
0,2069.5977395786754
100,932.0675424147162
302,915.8167493640092
504,899.7102221789464
706,896.3706486800497
908,888.4828699792887
1110,884.67729173477
1312,872.4961757091232
1514,865.849058558807
1716,854.165885564621
2322,853.5131222814946
5352,849.6027441837109
6160,849.6027441837108
7776,846.0120308910169
7978,844.7655298977382
8180,830.7693087057834
8786,830.3613851803169
72416,819.9711529673392
72820,817.094436029682
73426,816.4919341368659
