Evaluations,BestCost
0,2115.7413831316676
100,1108.5219655324815
297,1043.2938967088523
494,1010.0172391848323
691,1001.9552458900783
888,945.9586035453224
1085,903.0050595958719
1282,876.3203230317952
1479,860.5108696991408
1676,849.1940071402324
1873,849.1940071402323
2464,846.3114135371274
2661,844.2135424416321
3055,843.8825958156391
3252,843.2582217281647
4237,841.6294494363933
4434,836.2861229441987
26892,818.3925028947726
