Evaluations,BestCost
0,1825.3103358684095
100,906.1426479594484
292,862.1454303207202
484,826.4492813915615
676,813.0964232730983
868,789.1817235176322
1060,783.485442513732
1252,761.2281637091722
1444,731.0054025868927
1636,716.6866514506956
1828,707.3819798849771
2404,707.2198590220662
2596,706.3012968903091
3172,703.8391597866203
5092,703.8391597866201
83236,694.582678060975
83428,693.9399251662967
83620,693.6908487604553
84772,693.6547171352457
