Evaluations,BestCost
0,1993.034247790061
100,1103.1295595388158
297,984.6955470059911
494,909.7307278094984
691,876.3592526000984
888,876.329170138628
1085,866.2663309566816
1282,854.2031013785262
1479,852.0733700135905
2070,851.2578399416726
27680,840.8439130032219
28074,830.4921525112389
29453,826.9451303521685
29650,824.6027907573291
29847,816.7335876998773
30241,813.4702041601292
