Evaluations,BestCost
0,2027.260916975899
100,1010.9033644618094
302,978.3419486930252
504,963.3036478107493
706,889.930245645387
908,881.19512334242
1110,880.9300834821877
1716,880.3835277580229
2120,872.4954556861169
18886,854.9176688451741
19290,848.5924286917448
19492,836.5713895583599
19694,834.3858443399674
19896,830.9488268122377
311180,819.9751259470036
