Evaluations,BestCost
0,2004.5438410963231
100,1071.6429297463867
297,992.5920928867829
494,968.5766434880206
691,964.8512217147579
888,946.292418864124
1085,929.9991578209595
1282,877.1701867482008
1479,871.4228871791381
1676,860.2782682270248
1873,852.0080258526854
2070,851.3229339538367
2267,847.2960265288942
5419,847.2960265288941
42061,843.8825958156391
46001,818.3925028947726
