Evaluations,BestCost
0,2094.9840835896975
100,978.3120051112603
300,920.2043150090255
500,834.1861147362528
700,821.0140125520683
1100,820.8137794178601
1300,813.0644876727697
1700,805.4846632578694
1900,804.8918464263461
2100,804.6703258546856
2300,804.4700927204776
2500,804.4700927204774
100500,803.3582004292012
100900,802.1750066785709
101300,792.4243770715303
101500,790.7398794410906
101900,790.7398794410904
