Evaluations,BestCost
0,2405.1519833669527
100,1144.0416541943341
297,1044.1119973366683
494,1011.2575594031682
691,989.0803332393608
888,975.8886383189083
1085,922.4020963006146
1282,918.6822466010508
1479,906.8728828283979
1676,901.3673680824493
4631,896.1085764239915
4828,896.1085764239913
5222,895.7953244391442
5419,870.2516691543772
6798,870.0769679815221
7389,867.4513360068174
16648,867.2770369486775
174051,862.1297386439214
174642,859.0936995924278
