Evaluations,BestCost
0,2291.866079155976
100,1133.948983879353
297,1029.0374106344734
494,1001.7411645401596
691,994.2116382570541
888,979.3243376815699
1085,967.7956308538924
1282,944.2337388029086
1479,925.1698364204157
1676,923.628648925762
1873,919.918782355054
2070,913.8285890197981
2858,909.9615398193371
3449,904.6937520936783
3646,900.7189735461016
4040,899.6401970671174
9753,899.6401970671172
