Evaluations,BestCost
0,1782.1933434015043
100,902.0836243049466
298,802.6079306928319
496,796.0342677820366
694,772.0196890815191
892,764.7122227485645
1090,722.4342526102209
1288,720.4663542633496
1486,716.2471636195296
5446,714.0555233808898
5644,704.809461663865
5842,704.312036639438
6634,703.8808026834322
8020,701.0023620824475
8416,685.2536734151292
8812,685.253673415129
