Evaluations,BestCost
0,2182.2088468564043
100,996.2557357235949
302,957.1751930746607
504,941.4531001864591
706,924.4458145111576
908,908.5648328481132
1312,907.7949372971432
1514,902.063666513016
1716,900.4810900947293
1918,862.8601694029335
2322,838.581109430686
58680,831.7831621579817
59084,828.6828025142966
59286,826.3089860703053
59690,825.138039508793
139884,824.6652404479996
140490,803.2550658344701
