Evaluations,BestCost
0,1959.5305747648579
100,961.8804913510876
496,878.6615709156282
694,876.2779644679965
892,865.950849621098
1090,829.2712919421004
1486,825.4678502225258
1684,825.0464634916916
2080,823.8384694408089
5446,822.5747501409978
5644,818.8254516146628
5842,807.317690277104
6040,803.2533066157256
6238,799.3843581780466
6436,766.8176339949839
6634,766.8176339949837
6832,752.0147002078093
30988,751.8531557288343
