Evaluations,BestCost
0,1768.828412105584
100,938.6814386604133
298,850.4161052774555
496,829.1908288326578
694,741.4297949009539
1090,736.4578155812073
1288,730.5055562366828
1486,727.5191733764959
1684,717.1274523058613
2278,713.5052747655388
2476,712.7058361230418
3466,712.471731414806
3862,712.4717314148058
6040,710.0086796563226
6436,686.9484375594768
8020,686.2956553899838
8218,682.6906994399392
8416,680.630326638746
