Evaluations,BestCost
0,2287.343626898367
100,1185.2902924522293
297,1084.132141731803
494,1041.739439709651
691,960.5256889673037
888,944.78158232719
1085,932.959589118847
1282,932.2037201908715
1479,931.7058220016606
1676,929.8709749018452
1873,926.9961349885127
2070,917.1888821472752
2267,897.6974141069771
2464,889.528487641349
3646,875.5656791479315
10541,866.5559738698885
10738,865.0147863752348
12314,860.8860855540269
12511,855.216281509188
16845,851.08758068798
17042,850.7725647783094
