Evaluations,BestCost
0,1892.9887855050295
100,946.7989933145091
300,927.2884056499938
500,911.3177888307705
700,883.9993924960247
900,882.176451521229
1100,862.2158513232723
1300,849.04940714196
1700,841.4695827270598
2300,839.7314083940371
2500,838.2139247153577
2900,837.84912320133
4100,831.9241235903418
4300,828.287891079502
4500,804.6086092960645
4700,804.2172140714997
4900,800.9723767852245
5100,799.3842169663474
5300,789.3945613208596
5900,788.8398607712625
7100,788.796086486464
