Evaluations,BestCost
0,2068.3720475660675
100,1104.1494671404892
293,1010.9315527311168
486,984.0543607367185
679,970.4673501161258
872,949.5245907006779
1065,903.5757264169486
1258,898.3148335079516
1451,888.6637996176871
1644,862.1741530827402
1837,860.1890311484945
2030,833.4141148935621
3381,832.149010503567
3960,831.8445117215983
233630,831.1704542230161
