Evaluations,BestCost
0,1724.527867329386
100,864.0970747477721
298,826.639668199131
496,814.1063797224137
694,788.2157643476137
892,751.7958791793336
1090,748.0195617297016
1288,728.2746793621538
1486,724.498361912522
1684,722.3941761401815
1882,712.4780468651784
2278,710.4890658992115
2872,709.6489604335029
3070,684.0598680870334
3268,682.0184886832138
3466,679.7704748600681
7030,678.3912843877251
7426,677.3779947116572
