Evaluations,BestCost
0,2233.8293925563758
100,1262.443920061598
301,1243.2792137466224
502,1204.1797393252311
703,1179.4846912941312
904,1143.8649848631646
1105,1109.3238893682792
1306,1104.5386069770213
1507,1082.0524249967857
1708,1049.1192521925202
1909,1045.5788616965779
2512,1002.2249520073759
2713,999.8036296474579
