Evaluations,BestCost
0,2203.4104580617004
100,1071.80163809205
293,958.7625397814982
486,952.7674640250405
679,919.9649613351276
872,902.2386342881781
1065,892.4292477740755
1258,882.1387111812979
1451,878.6447831585594
1644,877.6743843224721
1837,872.1920471774583
2030,870.9869293988993
2223,868.4636374185986
2416,858.798723870996
2609,836.0613224437882
2802,836.0613224437881
2995,835.0131332223078
