Evaluations,BestCost
0,2201.662250927867
100,1116.239996566244
293,1070.7825352144164
486,1038.46733491911
679,969.1532655088829
872,918.2914547994562
1065,865.2941631507247
1258,849.0965504319242
1451,843.0562652460352
1644,834.3502986406163
93705,828.3260754698279
93898,823.650887515603
94091,817.6558117591453
94284,817.6558117591452
94863,797.4512901189912
285547,797.3094882288447
285740,792.0455635682699
285933,788.4563358804126
286126,787.2024006859942
289793,787.0818888551103
