Evaluations,BestCost
0,2194.591105907587
100,892.523851717452
300,878.9987243647922
500,851.4497249233069
700,820.7191209616542
900,813.3341695329533
1100,812.1327445036453
1500,810.5678909278994
1700,803.8579502342636
2100,800.4355953434844
2300,800.2594123242951
2500,797.8376822352502
