Evaluations,BestCost
0,1998.325891612214
100,1024.0507887603794
301,997.0539718439063
502,975.1007628536566
703,972.6904098782314
904,946.2401754775645
1105,941.1856022329627
1306,930.8713733869175
1708,930.4423160435645
2512,930.4423160435643
2914,917.7216286533618
12763,909.0937211868422
12964,909.0578131324709
13165,906.2244240022471
18592,900.4947807894083
19597,898.3267826027081
19798,897.3568487865446
138790,895.0344054386642
