Evaluations,BestCost
0,1794.424666474477
100,943.3558805266298
298,901.3578073536825
496,815.7958952513588
694,811.7405271954801
1090,806.1167195886849
1288,798.0969201649393
1486,795.7133137173078
1882,795.3058053407044
20296,792.1439830738773
20494,786.7813081670006
20692,786.4492517414333
20890,784.9539245091166
24652,784.9539245091165
