Evaluations,BestCost
0,1562.7799682458383
100,914.8508544286174
298,889.473144813162
496,877.3309542999202
694,839.8832440870833
892,833.1563255057229
1090,819.1871725799062
1288,807.2228326288405
1486,793.2536797030239
1684,792.5305176595575
1882,788.630800228013
2080,781.6613440993484
2278,759.034286591386
2674,715.943173640733
2872,708.319317644443
3070,706.297016742153
3268,690.4161152193534
3862,689.9259737528209
4060,685.1431540885386
5248,680.0794518021725
168004,676.4400403606919
