Evaluations,BestCost
0,2601.7168201763584
100,1146.316840150694
297,1073.2043108730654
494,998.4871353507172
691,985.2954404302646
888,962.7868335376603
1085,957.7619451814078
1282,909.7345619357048
1479,898.9843106210864
1676,878.7646899036106
1873,873.831375875093
2070,872.0216740666481
2267,871.6126452017885
2464,866.5161593206994
2661,865.424325709236
2858,858.101749257658
3449,855.2812478355414
3843,849.2329701984265
129135,836.0019282037495
