Evaluations,BestCost
0,2190.4648981264604
100,1004.7952787881
302,969.712865900937
504,947.4986807204671
706,889.1630219228343
908,886.664825672761
1918,886.6648256727609
3534,876.9610161039996
3938,872.7177792746434
13028,872.0370423921632
13230,869.5203522611877
