Evaluations,BestCost
0,1850.1406515611923
100,960.4331000114627
300,917.1340347793687
500,901.9487691210742
700,888.761749110465
900,878.9312298651867
1100,866.9130427696521
1300,865.9035395885036
1500,858.4633039168093
1700,851.5119336269504
2100,846.3898527172001
50700,844.4460597625739
79500,843.674600841538
79700,826.372970818078
83300,824.7942869849571
84500,823.1909641695238
