Evaluations,BestCost
0,1926.6372964330894
100,887.9006510427425
300,868.3900633782273
500,854.5498135208086
700,846.9699891059083
900,844.8494750468988
1100,825.3963235428265
1300,813.6681185008119
1500,812.5395004137291
1700,811.1647942528143
1900,800.8701459065851
2100,799.3052923308392
2300,789.865999600444
254500,789.3945613208596
255100,788.8398607712625
255900,788.796086486464
