Evaluations,BestCost
0,1853.9493491489084
100,833.8468988046291
298,767.418816236069
496,762.7999687181186
694,720.6290188054245
892,719.7343831194445
1090,717.7460778378772
1288,704.9166528998541
1486,699.2812500581084
1882,699.2812500581083
2080,698.0507280684642
2278,697.7726969980064
2476,694.1677410479617
3268,692.1073682467686
6238,691.4501133568947
318088,690.3244975155274
318286,689.098717907847
