Evaluations,BestCost
0,2116.8917222443356
100,892.523851717452
300,860.7140469686473
500,840.9258769455809
700,837.2171511973673
900,816.6498539328132
1100,809.4651356383205
1300,804.3521300534836
1500,802.7734462203626
1900,801.2441693477163
2100,798.8224392586712
7300,797.8376822352502
258300,789.8402704846116
259100,787.430439254024
