Evaluations,BestCost
0,1834.5812972662497
100,901.6658857384341
298,835.1802045197194
496,814.8727466108547
694,795.6008228908038
892,795.2309114055278
1090,779.1764070894317
1288,775.00927930875
1486,761.9937997889199
1882,757.5312784204234
2476,746.7429846841342
2674,745.4528645616483
321652,744.8141867142234
322246,744.8141867142233
322444,744.3785928317764
322642,744.2417504053849
323632,744.2417504053848
325612,744.2417504053847
