Evaluations,BestCost
0,1953.7349701325752
100,1062.5304021797042
293,997.654998813666
486,931.9644384628048
679,888.4989299169758
872,850.7610007599374
1065,842.4236933704365
1258,839.5828495847416
1451,837.8966150749536
2030,836.5433868388798
60123,834.6896678741796
60316,834.5062937341108
60509,833.2934509367291
60702,833.1520878265733
60895,831.8445117215985
328779,831.1704542230162
331674,831.1704542230161
