Evaluations,BestCost
0,2095.2267117176143
100,928.2316690255386
300,872.9164630431565
500,854.8809018852983
700,844.3447813356786
900,837.5693160299585
1100,826.2685709335586
1300,812.4283210761399
1500,809.8701599685885
1700,801.1227753242044
1900,799.5579217484585
2300,796.9997606409071
2500,789.865999600444
33100,789.3945613208596
36900,788.8398607712625
42300,788.796086486464
