Evaluations,BestCost
0,2334.149576485875
100,1246.487153451622
301,1199.4592144603646
502,1166.9875137467209
703,1134.2310780809412
904,1108.5879079935469
1105,1087.5922312656821
1306,1077.2113910066946
1507,1071.6522012496828
1708,1067.791119023266
1909,1056.5842518005863
2110,1042.7657749221848
2311,1034.6704207298053
2512,1034.384090475178
2713,1028.6331366566942
2914,1024.7720544302772
3115,1024.4857241756501
196276,1023.4155423462341
