Evaluations,BestCost
0,2118.9848020525937
100,1268.6949894295376
301,1177.413759968133
502,1167.0660642137432
703,1159.0583877328106
1105,1155.384089530297
1306,1153.469564642435
1507,1137.8592658485074
2110,1133.677028957483
2311,1091.7686045176124
4924,1088.9176079347167
5125,1075.1436457533996
5326,1072.63829675802
7336,1070.8438027732345
