Evaluations,BestCost
0,2135.0438204592306
100,1075.5613174211164
293,965.2253568535002
486,951.3112347807707
679,911.2497228413665
872,900.6949528423063
1065,887.849715092877
1258,866.9038222176553
1451,853.1115721034889
1644,853.1115721034887
1837,843.6279141195648
2416,842.3559424116293
8206,838.9628937802104
8399,830.1230966848418
8592,828.7001475272227
