Evaluations,BestCost
0,2007.9588714681993
100,923.6998693189556
292,874.7569315273845
484,806.9186401460761
676,767.880309929631
868,747.8751904808968
1060,747.3582091399559
1444,744.1012954370801
1636,732.1762516441986
6820,720.1739126753753
7204,720.0966576804672
133540,713.7323117499279
133924,706.9487717316948
289060,706.4398664303352
293860,706.4398664303351
