Evaluations,BestCost
0,2178.533515992248
100,1032.574615401068
301,1014.6971266963163
502,987.5721139616984
703,985.1617609862732
904,985.1480157659511
1708,985.148015765951
152056,974.3897245469527
152257,957.6694830453873
152458,929.9597630156447
152659,925.1623888596853
152860,921.636693254013
153463,900.2117119644016
189844,892.7495227034551
