Evaluations,BestCost
0,1793.2640136491543
100,1015.9901938277374
298,966.1331114911113
496,934.9568531774044
694,920.9359248237698
892,853.2476210319196
1288,849.935237944841
1486,835.9624428638192
1684,832.7306139788041
1882,805.1459891427587
2278,790.0420082629189
2476,779.0995103202397
2674,775.1640165186955
2872,760.0600356388557
3070,759.4048605442849
3268,747.8652267908254
3466,746.4444516816428
3664,746.3076092552514
3862,745.4528645616483
4060,745.0964950989878
4456,744.2417504053849
