Evaluations,BestCost
0,2076.203105941559
100,975.0131983223962
302,951.1938166606109
504,901.2159089855993
908,887.2898957318062
1110,882.0982531341242
1312,882.0426344092464
1514,877.0945928526148
1716,876.9386102211985
2524,824.8941148097413
2726,819.2343390620782
2928,812.1145545716021
3130,809.8288373650222
3332,807.9470229164169
3736,807.5643289397368
7170,799.0170519360985
123118,795.4626104337494
123320,793.8841679313587
123522,793.8282645279041
124532,793.0166486513654
