Evaluations,BestCost
0,2031.0973456691358
100,1000.3140004304171
302,949.999352349236
504,919.3702050190078
706,901.28780665136
908,874.7782531583673
1110,862.8641639685801
1312,861.5939748308832
6160,850.8310259758255
6362,842.3064216599726
6564,826.7606278066008
6968,822.2731882013157
7170,820.7980197316771
7372,818.5958616964652
7574,817.4776474907359
9594,797.8818159691523
9796,775.0844050874974
10200,771.8867357674108
10604,771.597754326071
