Evaluations,BestCost
0,1722.4715506089024
100,950.9534641969715
298,922.2458289631713
496,884.1949166060909
694,868.7725743549425
892,866.8024637001959
1288,858.6164675944442
1486,838.8313112712051
1684,818.3391754671039
1882,809.0323218085884
2080,808.746571732173
2278,799.1377467750217
2476,797.4551030535808
2674,795.4947275746757
2872,791.8039468580258
3268,791.8039468580256
3862,782.4261915734012
4258,782.2893491470097
4654,780.8685740378273
