Evaluations,BestCost
0,1914.4918682560053
100,926.94073698758
292,878.851190045852
484,836.9739009381858
676,779.1573435766373
1060,756.9462290008529
1252,749.9113475423231
1444,744.6206401827645
1636,742.8066531673984
1828,737.6803014959879
2212,733.0142425285649
3748,730.9912578165192
56932,730.2019525298456
58084,725.9466650899838
73636,715.8840953641427
73828,711.3375230788474
74020,711.1268044870005
74212,708.2045767180989
75364,707.5805227079475
