Evaluations,BestCost
0,1684.915633860687
100,956.2397711014376
298,944.2684535049796
496,864.4314936331369
694,843.2009937214249
892,827.676670215638
1090,795.4894189282392
1288,789.4575850658138
1486,762.3652934886925
1684,756.3334596262671
2080,755.2480497679994
2476,753.6140364124852
2674,752.7592917188823
2872,752.3814849844916
3070,751.5267402908887
3268,751.5267402908885
