Evaluations,BestCost
0,1728.0773004456403
100,847.2016587157686
298,791.4752587699863
496,761.2348381477935
694,753.5464825333369
892,742.5559808449432
1090,725.9919058546336
1288,704.4166776934221
1486,700.0551543013535
1684,696.9220652365584
1882,692.8757057398528
2080,688.06176681593
2476,685.4752858718201
2872,679.3614683935988
3466,674.1165350267484
36532,668.6560897884364
