Evaluations,BestCost
0,1719.2540097921174
100,900.7800035391041
298,847.9136059739371
496,784.7217934673081
694,761.0612887717864
892,749.2773146342992
1090,703.6023499392469
1288,697.6611458756288
1882,693.2264500541596
2278,685.604137007392
2476,681.5072096220796
3466,679.577662098076
3862,677.7143767980492
12178,676.1765801470603
12376,674.1162073458672
12772,673.1470931881464
14356,671.7202949610811
14752,671.5857160223301
325216,671.4316131525316
