Evaluations,BestCost
0,2145.2900335724
100,1032.574615401068
301,1008.1901874194491
502,983.4419411640879
703,934.826523170804
904,933.5659071676964
1105,908.0123629727497
1306,895.8049810857168
1507,895.0959056940533
1708,888.0712338574309
1909,881.8837176519188
2311,881.3716991050532
2512,877.6431829168233
3115,877.4841526570831
3517,871.0422094346314
296374,867.5190059123897
