Evaluations,BestCost
0,2362.416704274572
100,1095.8187688084518
293,1028.707067214892
486,967.3103539286424
679,932.5223145513772
872,883.4527077038034
1065,879.8165052475692
1258,859.7635592240355
1451,853.5340579935278
1644,822.7039515490522
1837,821.0428957388926
2030,817.3061581521124
15540,814.4304778338014
128831,814.4304778338013
