Evaluations,BestCost
0,1593.8512937826872
100,894.9564505715293
298,769.3469889453278
496,752.3907552352476
694,725.1673923735467
892,720.9740768467489
1090,711.76480317385
1288,708.8753102088732
1486,708.8753102088731
2476,699.6660365359743
2674,697.4681389972374
3664,686.2261823919757
3862,671.3088111354368
