Evaluations,BestCost
0,1672.191344294112
100,965.0990977212455
298,931.8536382785222
496,875.2949624155331
694,813.5276769937559
892,807.2746127632843
1090,800.2629582854499
1288,799.0304068574563
1486,791.8699717882812
1882,790.6374203602875
2278,780.0347767328085
2674,752.6020000410404
2872,752.1629325307539
12574,751.854847678437
13564,748.3875329315445
