Evaluations,BestCost
0,1847.2484548490406
100,962.0038034206593
300,865.2980737751101
500,852.1110537645009
700,836.7307015799197
900,823.5436815693105
1100,820.985520461759
1300,819.5252857879134
1500,814.3463447007141
1900,806.0856957982783
2100,791.3383542754859
6900,790.7836537258888
19300,790.7398794410904
229900,788.796086486464
