Evaluations,BestCost
0,2129.391237950803
100,1000.2856011009641
302,986.3358366454801
504,978.5626393226117
706,965.45989964772
908,958.7233563304255
1110,954.9532986756162
1312,953.6059102804622
1514,946.3645967555838
1918,942.0963992797447
2120,939.6004077069342
2322,905.3097078396665
3130,884.9029409706084
3332,879.4473841856554
3736,876.5622234177561
4342,873.7444036161394
