Evaluations,BestCost
0,1913.9072961168908
100,907.8588793900694
300,888.4076818431779
500,851.8982469524054
700,835.5679304694597
900,824.1563723332342
1100,810.2803041066093
1300,798.9637313560363
1700,794.9273876923651
1900,790.7836537258888
2300,790.7398794410904
