Evaluations,BestCost
0,2001.9682521204463
100,1033.447660807109
293,999.9086420574902
486,945.3114972020718
679,908.4310158026469
872,900.6362112862012
1065,899.1136696825145
1258,897.9791318320276
1644,896.7123102608739
9750,895.2535209727164
10136,886.4951035025817
10715,881.0127663575681
13031,842.4195823240825
13224,836.8092129200493
28664,835.5761383387078
28857,834.0092135059492
29243,833.9815926440508
29436,828.7277683891211
29822,828.7277683891209
30015,828.7001475272227
