Evaluations,BestCost
0,1714.1946623731733
100,961.8438614905299
298,920.5171543355759
496,883.7415629147885
694,830.2209025406619
892,827.8903498599954
1090,812.7872625129502
1288,806.3330478181642
1486,804.24120038765
1684,802.8718065332648
1882,801.0768144133184
2080,794.081392577405
2278,792.7119987230199
