Evaluations,BestCost
0,2023.749012466778
100,969.1803914346295
300,898.6524051160877
500,881.2614355116184
700,865.2666299293244
900,845.3183062940782
1300,816.74744415086
1500,803.2158803087899
1700,800.3338855713629
1900,796.8867963167563
