Evaluations,BestCost
0,2068.5938916095247
100,1016.5505931072651
301,987.6628364472338
502,932.3877800706323
703,922.6125158816257
904,887.1396357050597
1105,868.0855694247836
1507,864.1163082365645
1708,861.4789229503718
2311,861.4491474691582
2512,859.3085545151623
18391,858.7015064077823
53365,858.2597067680189
54370,857.9855262439951
