Evaluations,BestCost
0,2130.241194360656
100,1032.574615401068
301,1024.8312399942545
502,968.2466530630867
703,942.8910630833051
904,935.1166303881283
1105,898.6388738293214
1507,885.5615071606201
1708,874.4924114434402
1909,865.7632421574832
2110,864.6986852997726
2311,864.0163991862614
3316,863.4929713521279
32461,861.192430832352
33265,854.9055679608252
57586,854.6307307982916
57787,854.4736744232374
