Evaluations,BestCost
0,2154.0092675973883
100,1103.4992844828946
297,1094.5582717232012
494,1061.5649440739935
691,925.3266338303314
888,901.6154054829485
1085,888.8629709854733
1282,879.8757641344904
1479,851.7458330926527
1873,847.6881741883824
2464,843.3661842927418
5813,838.620885721596
6207,837.6699134310338
6601,829.7309035311173
8571,829.7309035311171
