Evaluations,BestCost
0,2129.39861390414
100,1130.5672945274716
293,1086.7133058026363
486,990.6963859030266
679,909.0143443125926
872,862.7887060720786
1065,793.8396420473489
1451,788.3358240495286
1644,787.0818888551103
