Evaluations,BestCost
0,1908.2233320772552
100,1103.4992844828946
297,992.5920928867829
494,983.6510801270895
691,928.5331421172613
888,925.7194458614406
1085,917.850192349208
1282,910.8015130128889
1479,908.3952399759922
1676,906.6632627733873
1873,884.0781105506225
2070,873.4730272501598
2267,855.5662689032335
2464,847.2960265288942
2858,847.2960265288941
