Evaluations,BestCost
0,3019.1829868973564
100,1272.355110390392
302,1222.940980859085
504,1207.1253374934133
706,1200.6166854371265
908,1186.241646064985
1110,1180.7899022886147
1312,1173.3765183724067
1514,1138.6917948501232
1716,1135.4416526448877
2120,1124.566540469657
