Evaluations,BestCost
0,2566.7619739929205
100,1233.1974256591927
301,1221.1585300929019
502,1156.689931848711
904,1146.053129603754
1105,1132.268183175155
1306,1106.4337013133684
1708,1097.533267394152
1909,1089.6131630504524
2110,1078.894686469653
2311,1052.8704707757415
2713,1052.1121154042119
2914,1051.6388245458593
3316,1046.253499756062
225220,1043.7345611683938
