Evaluations,BestCost
0,2847.4221965482457
100,1368.4472199402567
302,1357.5815621358324
504,1316.843773028682
706,1309.2833716193938
908,1308.3837781892607
1110,1282.570095140079
1312,1266.425914218214
1514,1259.547974647226
2120,1248.8982977150174
2322,1247.2991645384975
2524,1246.032115333308
4342,1241.2262965247046
5756,1237.4797327121037
5958,1226.953097768764
6160,1184.4513863853915
7776,1174.7298395778162
279264,1174.2593366492229
