Evaluations,BestCost
0,2942.0628231410938
100,1283.4463286192572
302,1272.3695786534824
504,1223.4496571110064
706,1209.1999574377037
908,1203.964294520312
1110,1193.5443506585266
1312,1178.2330007731637
1514,1175.719467185623
1918,1174.2338198428747
2120,1168.6115560295852
48984,1139.5547388345797
49186,1138.0761191495471
49388,1118.5085365914024
49792,1113.8743351602961
50398,1112.8710180985515
67770,1106.367443849165
