Evaluations,BestCost
0,2500.784780544807
100,1175.3781840553909
296,1134.6269033789677
492,1104.7445999240308
688,1067.9611808063678
884,1051.629417373838
1080,1008.2350637117654
1276,1007.1535859632568
1472,1005.1209476011268
1668,998.6302532179731
1864,995.3493857298837
2256,985.5125945196665
2648,984.5406726057421
2844,984.14697832894
3236,983.7866501777269
3432,983.1922696170861
