Evaluations,BestCost
0,2609.3180508823507
100,1241.854905476675
302,1189.4478359999953
504,1167.3072568979742
706,1161.4499468917722
908,1151.7126312469572
1110,1146.6543671753304
1312,1136.9170515305157
1514,1136.9170515305154
1716,1134.967167792918
