Evaluations,BestCost
0,2559.0195149723145
100,1192.5288015206438
301,1185.1804935521902
502,1170.0959431562324
703,1149.0608181752928
904,1131.4977682180368
1105,1126.0252685597416
1306,1125.2258733162594
1507,1102.0540442070976
1708,1102.0540442070974
1909,1094.0736169201307
2512,1091.5297691785272
2914,1090.4194670950374
3115,1087.6074488845898
4120,1084.4163653996143
4924,1076.242164820951
7738,1070.6517061682507
8140,1063.9242611635436
51355,1063.1211223842815
240295,1062.0678784813545
