Evaluations,BestCost
0,3165.231706973974
100,1282.9867104730802
302,1268.4381497934362
504,1243.8831824223648
706,1212.0126096555211
908,1202.3201684762726
1110,1188.3806026697332
1312,1184.2703773484122
1514,1173.361780013939
1716,1168.5468442514566
1918,1161.5715680553094
2928,1154.8881076207408
3534,1149.773900594231
4342,1117.2618628244763
4544,1102.6383169640917
4746,1101.8907202981675
5554,1074.0596481881555
6160,1066.4284547150692
6766,1065.6653208350378
