Evaluations,BestCost
0,2968.0648267791566
100,1357.4520173718365
298,1302.6978320095504
496,1264.2369476101082
694,1239.5030338421006
892,1228.0158129634347
1288,1206.6667845719817
1486,1200.0589007592555
1684,1182.5382854285117
2080,1182.436101554876
2278,1177.9796720282857
2476,1177.306024894027
2674,1176.6820701849265
7426,1174.1259122486438
7822,1171.2200432205218
10990,1166.6542801726116
11188,1159.502540121131
132166,1153.9717177487041
