Evaluations,BestCost
0,2893.7283933290946
100,1275.624222055861
302,1257.6321117360815
504,1224.9459496758411
908,1218.0680101048533
1110,1212.214317396888
1312,1205.139827528822
1716,1204.5536077404304
1918,1199.6586238357722
2120,1198.0988072845453
16866,1196.0167452683393
17270,1186.0350215825822
17472,1186.035021582582
17674,1185.3525597442817
20098,1175.4159695706958
20704,1159.1046549870628
20906,1159.1046549870625
21108,1154.8063362927362
21310,1152.193888311328
23936,1152.1938883113278
