Evaluations,BestCost
0,2908.148091988684
100,1413.221843864737
298,1367.2288433842705
496,1320.7845195001696
694,1280.4672777127066
892,1247.6004172504033
1090,1241.178427386179
1288,1230.4526007457966
1486,1222.7036125241098
1684,1211.7253932225897
1882,1204.6186100310515
2080,1200.2019646948463
4852,1200.201964694846
