Evaluations,BestCost
0,2209.933982703204
100,1227.2626700806263
301,1204.2127651764604
502,1188.2156602782056
703,1167.301550512597
904,1151.2267222422868
1105,1040.4952409948658
1306,1026.9527111830168
1507,1010.2074897197871
1708,994.2403749403113
1909,993.9023966504656
2110,993.2016988668267
2311,992.1251573700554
2512,978.2019278870473
2713,976.4664511733708
4321,972.0568171235204
7738,957.6880932533829
8743,955.556339799417
8944,950.1037543094777
9346,948.0267842692173
