Evaluations,BestCost
0,2907.659371765486
100,1270.757755443819
302,1240.2860488305405
504,1214.744144842448
706,1210.5436080577465
908,1206.6009394532998
1110,1188.005421275737
1312,1180.353000656136
1514,1171.9500139133454
1716,1171.9500139133452
2120,1161.8371510958352
2322,1158.716754260492
2726,1158.7167542604918
2928,1154.9592115248474
189778,1150.0820956092093
