Evaluations,BestCost
0,2585.921350107583
100,1382.4640443193025
299,1348.4727095776113
498,1313.3667737336764
697,1306.0067726886382
896,1288.8485733508319
1095,1267.380646093637
1294,1241.3425269421236
1493,1222.1617489336024
1692,1207.3547950587654
1891,1198.0789937090651
2090,1189.3131540705303
3085,1189.0494924390791
3284,1185.4852924751208
3682,1176.3903348204808
8458,1176.043916769361
13632,1174.3055642084028
