Evaluations,BestCost
0,3181.278298609116
100,1433.4352029542285
300,1367.7139820520679
500,1314.894721846277
700,1262.283272584012
900,1249.000228651022
1100,1225.7426554639069
1300,1222.2674219001544
1500,1213.1900099878944
1700,1203.1269431377705
1900,1201.257120059255
2300,1134.4851162578539
2500,1129.9884724189437
2700,1126.9440251761198
2900,1120.1977093908213
3700,1108.8773521405174
4100,1108.8773521405171
6900,1107.9379539863476
7500,1107.0590171175622
