Evaluations,BestCost
0,3374.998675910993
100,1390.2349122724388
301,1299.3605041426529
502,1293.9943890041893
703,1236.7334917449352
904,1224.3983957006042
1105,1197.3123530021892
1306,1191.445302122653
1507,1184.2130549966403
1708,1180.2521105998976
2110,1177.8658560509864
2512,1176.2583462320088
2914,1175.3430343521532
3115,1175.2506206252397
3316,1173.952032560649
4522,1149.893178763014
4723,1149.7206561190605
