Evaluations,BestCost
0,2996.761116121014
100,1423.722952272622
301,1365.0632829996564
502,1348.9265600674328
703,1343.467612154469
904,1255.9798656189587
1306,1235.7622198214856
1708,1233.5336560258286
2110,1192.4924843002686
2311,1191.752789522002
2512,1189.8004278655549
2713,1188.8795203756179
8944,1188.2032212574766
9949,1188.166562492574
12160,1188.1665624925738
146227,1182.7076989946872
