Evaluations,BestCost
0,3192.4023776648332
100,1414.8191836923738
302,1394.0421055213496
504,1373.119551270011
706,1351.33744898041
908,1342.4422255654176
1110,1331.1296000347158
1312,1324.055538542589
1514,1320.1762091803066
1716,1314.3819448890315
2120,1308.0382410437126
2322,1293.5011798437185
2524,1287.1574759983996
2928,1286.2193543081373
27572,1280.986213543826
341278,1280.6569175918112
342490,1280.6308595965113
342692,1280.611593158266
344712,1278.9643136729626
