Evaluations,BestCost
0,3091.185896660262
100,1414.8352888505988
302,1374.7379524520268
504,1349.2892984699347
706,1324.2302877287332
908,1314.7474097487266
1110,1296.6206714242887
1312,1284.370822814112
1514,1248.4657761962337
1716,1225.036112444083
1918,1210.2393878512921
2120,1208.4629995580372
2322,1202.0466872956029
2726,1200.0281194607999
2928,1198.415565408736
3130,1195.262936219896
3534,1193.361790531883
20704,1192.182362909819
