Evaluations,BestCost
0,3254.2614814730036
100,1420.8794895956582
302,1411.3966116156514
504,1385.6080678577503
706,1383.1929824520346
908,1310.3307903642303
1110,1240.2636284923246
1312,1234.6991591621377
1514,1217.6350222775143
1716,1201.7099670048158
1918,1200.4027538213707
2120,1190.6642783207612
2322,1187.4629397707943
2524,1184.2739905039239
2726,1183.5094552678866
20906,1179.0758625325107
21310,1179.0377386264854
21512,1176.8056027834073
22320,1176.767478877382
