Evaluations,BestCost
0,599.0258210508196
100,462.68870249339477
484,462.6887024933947
11044,456.95281589967595
11428,451.94709212981854
