Evaluations,BestCost
0,594.035750717768
100,508.5145307299856
292,476.1493797304894
484,476.14937973048933
676,471.1780005658749
868,459.3873605054989
1060,454.3983428045983
1636,451.9470921298185
