Evaluations,BestCost
0,594.035750717768
100,508.5145307299856
292,467.622145108106
484,459.45909737284177
676,451.335080208618
