Evaluations,BestCost
0,599.0258210508196
100,462.68870249339477
292,454.39834280459837
484,451.335080208618
33508,451.33508020861797
