Evaluations,BestCost
0,599.0258210508196
100,462.68870249339477
292,459.4706472988046
676,458.17494447453697
868,454.39834280459837
2020,451.94709212981854
167524,451.335080208618
167716,451.33508020861797
