Evaluations,BestCost
0,594.035750717768
100,508.5145307299856
292,476.1493797304894
484,456.9361098307191
676,451.94709212981854
1060,451.9470921298185
82852,451.335080208618
83236,451.33508020861797
