Evaluations,BestCost
0,599.0258210508196
100,462.68870249339477
484,462.6887024933947
20260,460.05740211219813
20644,454.0587604926313
21220,451.94709212981854
