Evaluations,BestCost
0,429.171259470099
100,257.3268319351024
302,235.7080832355236
504,232.00341297682667
706,226.02075171654218
3130,223.3846628050402
4140,219.75413715136335
