Evaluations,BestCost
0,483.5752163204088
100,244.5839603062824
302,236.80622400535094
504,226.02075171654218
1918,223.3846628050402
13634,219.75413715136335
