Evaluations,BestCost
0,550.4381483537081
100,246.59625036512716
302,241.17320500277907
504,226.02075171654218
706,223.3846628050402
34238,222.6062269554116
34440,219.75413715136335
