Evaluations,BestCost
0,600.5821522666191
100,475.8423255395247
297,459.47064729880464
494,459.4706472988046
691,451.335080208618
4631,451.33508020861797
