Evaluations,BestCost
0,631.4279579363455
100,465.45501098132655
297,461.3189260514132
494,451.9470921298186
888,451.94709212981854
259549,451.335080208618
259746,451.33508020861797
