Evaluations,BestCost
0,652.5231859569897
100,475.8423255395247
297,451.335080208618
