Evaluations,BestCost
0,632.5524865541144
100,465.1007151759485
297,458.1749444745369
494,454.39834280459837
1085,451.94709212981854
1282,451.3350802086181
1479,451.335080208618
