Evaluations,BestCost
0,619.7177700782632
100,451.94709212981854
15860,451.9470921298185
