Evaluations,BestCost
0,538.9235836792745
100,240.51688229985575
302,232.01857376580017
504,226.73830295863542
706,217.96411315717648
908,212.6569041858923
