Evaluations,BestCost
0,550.4136635281653
100,462.68870249339477
297,459.47064729880464
494,456.95281589967595
691,451.335080208618
24134,451.33508020861797
