Evaluations,BestCost
0,503.93499898394157
100,258.14282201688565
302,242.5511777628588
504,237.670497194024
706,225.54774213264085
1110,220.8020590897628
1514,220.25849856435627
1716,216.72747092786253
9998,212.6569041858923
