Evaluations,BestCost
0,585.2194722594759
100,465.45501098132655
297,456.93610983071915
494,451.94709212981854
30438,451.9470921298185
