Evaluations,BestCost
0,668.3547057279997
100,465.1007151759485
297,459.47064729880464
494,454.3983428045983
691,451.94709212981854
24528,451.335080208618
24725,451.33508020861797
