Evaluations,BestCost
0,445.61127328112724
100,231.32812870038686
302,212.6569041858923
