Evaluations,BestCost
0,451.76261255833526
100,260.57702922978024
302,248.4201113472655
504,242.71169204726158
706,232.92377089705826
908,226.24920302469434
1110,219.75413715136335
