Evaluations,BestCost
0,537.4697196155523
100,249.80123683676496
302,243.24939687590413
504,226.02075171654218
908,223.3846628050402
53630,221.83404219175085
