Evaluations,BestCost
0,625.6036365080339
100,462.68870249339477
297,451.9470921298186
691,451.94709212981854
126574,451.335080208618
126771,451.33508020861797
