Evaluations,BestCost
0,611.7051682485696
100,464.80037085620745
297,459.4706472988046
691,451.33508020861797
