Evaluations,BestCost
0,540.1909879899101
100,246.73293957770932
302,236.5996379265244
504,224.11912120427309
706,212.6569041858923
