Evaluations,BestCost
0,500.92066346202455
100,241.49239946755011
302,232.00341297682667
504,226.02075171654218
1312,223.3846628050402
83930,222.6062269554116
84334,219.75413715136335
