Evaluations,BestCost
0,554.0932023287822
100,248.25856519887316
302,228.77648850037315
706,228.3225078434298
70396,226.4943109110808
70598,223.55885637866902
70800,223.0152958532625
87970,219.9382488737121
293404,218.95379801308192
294212,217.41558334616656
