Evaluations,BestCost
0,488.7508869004263
100,250.792576306017
302,239.04427715552916
504,234.8676632066774
706,229.5604542353932
908,224.81477119251517
1110,224.13187639914912
1312,219.9382488737121
83526,217.41558334616656
