Evaluations,BestCost
0,969.0174151370328
100,715.5447728301906
301,677.011931558888
502,674.7029287875882
703,650.9698517669158
1105,640.6809953129253
1306,640.6809953129252
1507,606.443238523847
1708,604.2914976942873
1909,599.2002935410924
2512,599.2002935410923
13165,597.618608982272
13366,596.0112042191178
13567,595.0489850683258
15577,594.4508156333899
15979,594.4508156333898
162307,588.793524258607
162709,588.7935242586069
