Evaluations,BestCost
0,791.807912029708
100,610.2688231219477
302,593.8621057976874
504,574.2946128321715
706,569.4471093373261
1110,568.5423928828594
3736,566.9477861972096
4140,563.9301555677981
29592,563.4608925501457
31814,560.7771028768228
