Evaluations,BestCost
0,494.37126875140746
100,256.92146117192806
300,241.554427207265
500,224.74814859741593
700,220.9828403636463
900,216.88261731375871
1100,213.50584483479398
2300,212.71153970290385
