Evaluations,BestCost
0,956.4088884858103
100,722.1953239719564
301,685.8849641633661
502,685.8201192752089
703,673.2363918069456
1105,667.8885033365651
1306,665.4924426881572
13165,652.9431842826817
13567,652.9431842826816
13768,636.6104762522557
13969,633.211239834845
14371,632.529074551444
14572,610.9362308602058
14773,606.9153087605293
14974,605.5750146387481
22411,603.9933300799278
22612,601.4237061659817
22813,600.8255367310456
