Evaluations,BestCost
0,573.0626714436391
100,246.66172903702704
302,235.8480403110362
504,226.030116840443
1110,224.81910998471432
1312,223.9083480099148
