Evaluations,BestCost
0,922.772197350534
100,643.3837319182705
502,627.1783553456733
703,619.4067554999085
904,619.4067554999084
1105,618.8021982971147
1507,603.9394998095961
1909,602.6530359581466
2110,601.4237061659817
3517,600.8255367310456
