Evaluations,BestCost
0,511.7954541092887
100,256.92146117192806
300,234.29006598115092
500,229.90470290400674
700,220.1114158198847
900,218.8147653978662
1700,216.75705994497332
2500,213.50584483479398
3300,212.71153970290385
