Evaluations,BestCost
0,963.2222864686628
100,705.165551885865
301,658.6697600602997
502,658.0998755779777
703,648.7133652526367
904,640.8912281585326
1105,638.4951675101247
1306,637.6984819981625
1909,629.3099596186288
2110,622.1624594796988
9145,622.1624594796987
81103,620.2588475130384
81304,617.7258936209784
81505,603.9566600580417
81907,601.4237061659817
82711,600.8255367310456
