Evaluations,BestCost
0,579.7669480520904
100,249.15461306290797
300,229.98864163090644
500,220.10351966662964
700,214.79631069534543
900,213.50584483479398
1300,212.71153970290385
