Evaluations,BestCost
0,543.4493536650014
100,263.20447578678306
302,246.3441558629108
504,219.59935976083088
706,218.30889390027943
5756,218.30889390027937
