Evaluations,BestCost
0,819.1088876084486
100,746.9117747303703
301,658.458128582517
502,658.3932836943598
703,641.8848465403989
904,639.4887858919908
1105,631.1002635124571
1306,623.9527633735272
18592,616.2943803222244
18793,616.2943803222242
19195,612.4940628445555
19396,607.4028586913606
19597,605.5750146387481
29848,603.2515502185943
30049,603.2515502185942
30250,601.4237061659817
30853,600.8255367310456
