Evaluations,BestCost
0,921.0149772095095
100,686.5628122337076
301,670.4324500507361
502,658.6697600602997
703,655.3275305669074
904,645.1162315990255
1105,637.6984819981625
1306,636.7277092194918
1507,629.3099596186288
1708,622.1624594796988
49546,622.1624594796987
