Evaluations,BestCost
0,496.9876307097641
100,265.355393644922
302,251.60726244739737
504,232.0997474403025
706,228.70712391151517
908,219.13210413476497
1716,218.30889390027937
