Evaluations,BestCost
0,486.30909554972686
100,256.92146117192806
300,241.554427207265
500,232.40617562028694
900,222.61288853616486
1300,221.32242267561338
1500,220.49921244112778
2100,213.50584483479398
2300,212.71153970290385
