Evaluations,BestCost
0,801.2661419248805
100,588.5853983201304
504,578.0188862334553
706,576.7371569643016
908,575.5286202588014
1312,572.0301205333966
1514,556.6888833617957
4746,554.6688287353377
4948,550.4123272125037
5352,544.921632885243
10402,541.7908835071709
