Evaluations,BestCost
0,455.5401988895962
100,257.07581009808547
302,237.72670816489708
504,227.3074805401738
706,222.9286137309573
908,220.27322760208494
1110,217.8521507402297
2928,217.85215074022966
