Evaluations,BestCost
0,520.4493319189856
100,260.2351696709128
302,246.71241598246712
504,238.10289042974023
706,235.89126730250297
908,220.78905965530868
1312,217.86952847810596
1514,217.8521507402297
1918,217.85215074022966
