Evaluations,BestCost
0,736.7994715201381
100,625.6325067881133
302,621.1174790682416
504,613.2738220020076
706,591.1277709524948
908,585.6989133066127
1110,575.878566541495
1312,573.9267178220605
1514,566.5283247551449
1716,565.7615621931329
1918,565.3368081186674
2120,555.1958311071076
2322,549.0227406381136
2524,546.5322667080858
2726,545.2178907138192
3130,543.7142824263316
3332,538.5807653341133
3534,536.710999034598
5352,536.3446367940983
7574,533.8331879895072
