Evaluations,BestCost
0,583.2648490370574
100,257.07581009808547
302,227.9224204922682
504,223.17673744939015
706,217.86952847810593
908,217.85215074022966
