Evaluations,BestCost
0,424.1771578360024
100,256.92146117192806
300,242.84489306781649
500,233.95048366918382
700,220.9828403636463
900,220.1885352317562
1100,213.50584483479398
1300,212.71153970290385
