Evaluations,BestCost
0,771.1690392378075
100,627.7663862804612
302,599.4683481141419
504,578.3278384882742
706,558.3332466310212
908,557.211532957457
1110,553.4960438774615
1312,553.4960438774614
1514,550.8221691090916
1716,550.8221691090915
2726,549.2275624234418
6160,541.8040907326489
6564,537.2538414678921
6766,536.710999034598
7776,536.3446367940983
11412,531.1738035458812
11614,531.1738035458811
