Evaluations,BestCost
0,899.2528324338708
100,713.6233899645539
301,650.0123652499636
502,637.6356849818227
703,637.3790006646371
904,614.1304319398829
1105,600.8373850565281
1507,600.7045579317532
12964,597.7825792511517
13567,596.5532494589868
14572,595.9550800240509
14773,595.9550800240507
29446,595.807498520667
31657,591.3264781506668
31858,588.7935242586069
