Evaluations,BestCost
0,940.6019362922782
100,714.5721238729265
301,691.5899788035907
502,659.1415125530095
703,637.8313160060222
904,622.6764997791718
1105,622.4833527118388
1306,606.7502051848561
1507,605.7560015777545
2110,588.7935242586069
