Evaluations,BestCost
0,819.6195475279019
100,629.2170163807298
302,612.9714773075116
504,611.6717789608557
706,599.1441618031653
908,597.8444634565094
1110,586.6585615152705
1312,574.7074501905338
1514,566.9149139259613
1716,563.6721933840186
1918,556.8524691527684
2120,556.3842313648079
2322,553.3562494570062
2524,551.119274680798
2726,549.5246679951482
2928,538.8484481535419
3332,538.3056057202477
5554,536.710999034598
9392,531.1738035458812
