Evaluations,BestCost
0,987.1641653278627
100,727.4341591947843
301,711.7585857100307
502,698.7796783587439
703,675.7701571860057
904,648.8512558512429
1306,637.9887031032656
1507,631.8274469930238
1708,617.0035434531937
1909,616.0413243024019
2311,608.388250136513
2713,602.716557785289
3115,600.8255367310456
