Evaluations,BestCost
0,503.1881710043255
100,252.2689798286086
302,239.3013365230711
504,226.8182862267219
706,222.3547660180318
908,220.16729367276037
1110,217.86952847810596
1312,217.85215074022972
2928,217.8521507402297
5352,217.85215074022966
