Evaluations,BestCost
0,492.77133353113084
100,256.92146117192806
300,242.46263758639975
500,217.0192260362035
700,213.50584483479398
900,212.71153970290385
