Evaluations,BestCost
0,528.6808321318083
100,253.6666999036334
302,244.6102583142312
504,237.3458970881171
706,227.77087731136692
1110,226.030116840443
1514,225.20690660595739
1716,221.5636934626364
1918,219.14261660078114
2322,217.8521507402297
2928,217.85215074022966
