Evaluations,BestCost
0,811.6462158269798
100,653.7257234253615
302,630.255074531274
504,595.2239744244171
706,587.1464712913659
908,586.5752862046882
1110,558.915621132926
1312,551.4998850172466
2120,543.4391228124659
2524,538.3056057202477
9392,536.710999034598
44136,535.4678809438409
45146,531.1738035458812
