Evaluations,BestCost
0,409.52691440013916
100,260.3443399764518
302,244.5963341815988
504,223.6161028715636
706,218.30889390027937
