Evaluations,BestCost
0,468.56970273357035
100,252.99490633125856
300,236.60888735101344
500,232.7702520467019
700,223.5371417416872
900,218.8147653978662
1100,218.0204602659761
1500,214.79404150505496
3700,212.71153970290388
4100,212.71153970290385
