Evaluations,BestCost
0,1037.40256917624
100,712.6507410072899
301,687.8872139910482
502,672.9504542985135
703,640.8666185098224
904,618.564954288978
1105,616.2728702185334
1306,614.312380978623
1708,612.807099139689
1909,611.1410133480092
2512,596.2783148604908
2713,595.0489850683258
4120,594.4508156333899
4522,594.4508156333898
