Evaluations,BestCost
0,481.9773855618148
100,254.1180309707117
302,242.42445300647734
504,239.36223011865064
706,233.57637559572646
