Evaluations,BestCost
0,511.9861492236089
100,255.7077300805201
300,251.0281990165596
500,243.14850540861408
700,231.7524814009965
900,221.32242267561338
1100,220.49921244112778
1500,213.50584483479398
1700,212.71153970290385
