Evaluations,BestCost
0,849.7552733939449
100,628.6628803814662
302,590.9651859265234
504,588.4305815225297
706,577.3331286936659
908,572.6948668317488
1110,559.601968188331
1312,554.7878658497323
1514,551.1266119338492
1716,547.9514605631706
1918,546.39582544757
2120,544.2902066472874
2322,543.3854901928206
2726,542.4056388144542
3130,541.790883507171
3332,541.7908835071709
