Evaluations,BestCost
0,727.3555628448344
100,651.1638057676982
302,613.7338001238596
504,581.7027225668667
706,580.6724909135
908,564.9260043626305
1110,557.8597154283161
1312,555.3692414982883
1514,545.0962715861887
1716,541.7228969991858
1918,540.6428930067985
2120,540.3845908459641
4948,538.417331625677
5352,536.710999034598
8382,536.3446367940983
8988,534.9017063288177
9190,533.8331879895072
