Evaluations,BestCost
0,469.1141720248122
100,260.2351696709128
302,248.00288184301854
504,229.08306123471937
706,220.74633541214718
1514,218.66383360999606
1716,217.8521507402297
3938,217.85215074022966
