Evaluations,BestCost
0,548.2400591482636
100,253.3951528747398
302,242.42832322721353
504,231.69601967757586
706,228.77648850037315
1110,228.3225078434298
2322,223.55885637866902
2726,223.0152958532625
7170,219.9382488737121
53226,217.41558334616656
