Evaluations,BestCost
0,531.0877734037438
100,257.05932343242074
302,246.2621213720946
504,227.43129499939985
706,226.030116840443
908,219.95429947054754
1514,219.14261660078114
1918,217.8521507402297
3736,217.85215074022966
