Evaluations,BestCost
0,518.9797518006148
100,258.6709342372019
302,245.01909951036157
504,241.62647598157423
706,232.05145620482406
908,228.77648850037315
1110,228.3225078434298
6362,227.4674255085502
6766,218.30889390027937
