Evaluations,BestCost
0,598.3126246116149
100,256.92146117192806
300,229.30098101247324
500,218.8130538060782
900,218.01874867418806
1100,212.71153970290385
