Evaluations,BestCost
0,458.5785916788678
100,256.92146117192806
300,240.7944582935632
500,229.05403952779335
700,214.79631069534543
1100,213.50584483479398
1300,212.71153970290385
