Evaluations,BestCost
0,555.7434770548641
100,260.2351696709128
302,244.9716555115432
504,232.00401220600565
706,230.56521307719333
908,224.73965097989156
1110,223.52864412416284
2524,222.35572940423603
2928,219.93465254238077
3736,217.8521507402297
7372,217.85215074022966
