Evaluations,BestCost
0,727.0780509356422
100,641.1137510882251
302,617.8076970129093
504,592.3946811548947
706,589.459773475664
908,582.9550924165297
1110,575.5965592990555
1312,572.1924911649073
1716,566.0504476341448
2120,566.0253094719376
22522,555.2718698618503
