Evaluations,BestCost
0,510.31672388275274
100,267.26439088739636
302,260.7320417609129
504,239.75181045087777
706,224.67994457228065
908,217.41558334616656
