Evaluations,BestCost
0,532.3575611440879
100,259.3809431262205
302,244.3777675737702
504,237.1134063476561
706,233.99511295328978
7574,232.24581727978745
80900,225.73695158134973
