Evaluations,BestCost
0,486.0480935603398
100,248.00288184301854
302,240.73852061690445
504,226.61961212963348
908,219.14261660078114
1110,217.85215074022966
