Evaluations,BestCost
0,1343.077857085413
100,632.2853851572913
297,614.7816251591037
494,598.3174070099042
691,573.7001460846805
888,568.2430221704012
1085,552.8056440964571
1479,547.0068417977951
1676,546.2456359787535
2070,544.5163678677673
4434,542.2953096390429
4828,538.1938241781505
6010,534.7061552441098
6207,530.9046557044551
6404,518.640115209357
6798,514.9544550854097
44425,513.9412536384355
45016,511.248148049709
