Evaluations,BestCost
0,1464.9188754439356
100,682.1664913959278
300,666.7171021753671
500,651.2839197858351
700,632.638375514591
900,603.7302201510462
1100,599.4908578921193
1300,597.1051658851409
1500,591.1212111664676
1700,569.463532878166
1900,564.7912612610858
2100,561.7327375129333
2500,560.0946327553886
5900,555.3841032468551
28100,553.6697005520517
