Evaluations,BestCost
0,1477.8628798436098
100,687.6400284483875
300,669.8148897677612
500,645.9274043551978
700,626.522058000354
900,613.080384294873
1100,599.276253982835
1300,592.8370364313764
1500,579.2050923650066
1700,570.7779710124178
2100,565.6964088120155
2300,560.6455514553825
2900,559.7801786718239
3300,559.7801786718238
3900,558.3937749980171
