Evaluations,BestCost
0,1816.8809913036916
100,961.7219105635954
302,954.9661001263119
504,948.4946145411652
706,924.8734633373258
1110,918.0851030298267
1312,907.1331474781732
1514,899.9469724958454
1716,898.7696125778233
1918,892.444373897707
2120,887.6288079869535
2322,883.687296202085
2524,878.5923864683655
4140,877.3485204504851
231592,868.1961545301739
231996,868.1637478069518
232400,867.7820326171571
233006,864.8374500047394
233208,864.8374500047393
233612,853.5362683762777
