Evaluations,BestCost
0,1729.4553159427574
100,810.2536274065875
292,796.0461582981457
484,780.2413267725453
676,768.9453221834488
868,755.8585279567549
1060,748.8271056291956
1252,729.1798016553536
1444,711.7639059507823
1636,704.7657309321811
1828,692.2977885152984
2020,682.1576710170789
2212,674.6291679540725
2404,667.6309929354713
2596,658.7004915660664
2788,658.3121765313222
2980,656.8037536432678
3172,655.8451213332013
3364,649.9203679230591
3748,646.6322921152683
8164,644.37764593498
