Evaluations,BestCost
0,1761.8105589473262
100,851.4940332719493
302,840.2830907571113
504,827.7718589587148
706,777.1513322685639
908,764.5180097884156
1110,736.661958632578
1312,714.1868884103437
1514,706.788697081775
1716,700.9951558857434
1918,693.2215896424668
2120,685.7445364148517
2322,664.0296647014724
2524,661.8678415277134
2928,661.5251937703746
3332,660.6720009188725
3534,657.4110123051706
4140,654.8656848597288
6766,650.7235492359979
7574,650.7030677117509
19492,650.0207850411324
