Evaluations,BestCost
0,1657.5489876219451
100,854.0633592264874
302,846.9157545666221
504,836.9934580574542
706,829.8458533975888
908,809.7856585045032
1110,802.6380538446377
1312,799.8690825173966
1514,799.4288816789766
1716,793.102533944969
1918,792.7478185049132
2322,792.747818504913
12018,783.5708854153639
41712,780.0637621563176
