Evaluations,BestCost
0,1773.0435777884024
100,909.995961475822
302,904.6021771625085
504,899.8836435964226
706,895.2567300733253
908,894.0793701553032
1110,892.328036395035
1312,892.2699017885072
1716,891.0925418704851
1918,888.7974199037614
7372,869.9337290289037
7776,863.1795121657271
7978,862.1282956637492
8180,857.6106651861112
8584,854.2846052239175
8988,851.9174284301513
9190,840.2615126603549
9998,839.6577649836264
12422,835.8417746189517
12826,819.8858240901723
