Evaluations,BestCost
0,1958.376984964821
100,923.4226284075644
302,918.7040948414785
504,905.2107456220131
706,900.4922120559272
908,888.9981118054915
1110,888.8785314656496
1312,862.8191670487877
1716,853.5425079471539
1918,847.9258236553928
2322,845.5586468616266
2524,845.5586468616265
2726,833.9027310918302
3736,833.2989834151017
4140,829.482993050427
4342,813.5270425216474
126350,810.4366992264221
259872,808.9647466412314
260074,805.0832983942479
260276,801.7959805145472
