Evaluations,BestCost
0,1618.8973465150634
100,888.8730757670918
302,879.8115950113618
504,870.9498723600748
706,865.0134760957751
908,855.9519953400451
1110,851.2927844108244
1312,846.1931435320045
1514,843.4241722047633
1716,839.2510903287155
2120,837.7135494193201
3130,835.8164349871902
56054,831.7433532683087
56256,830.7617801480163
