Evaluations,BestCost
0,1871.4797701683372
100,1108.3690712153502
302,1100.3130073415803
504,1074.873775560572
706,1072.104804233331
908,1059.7867422731674
1110,1037.7364580714057
1312,1036.1374687995224
1514,1034.4110983444311
1716,1031.4739496508614
1918,1029.9878636619767
2120,1026.6871650161827
2322,1018.5319419065797
2524,1012.5551684992349
2726,1006.4458494192429
2928,996.077325293061
3332,994.9269939585517
7372,982.8752318036834
7776,980.8109163134359
