Evaluations,BestCost
0,1824.4033687223875
100,770.4450305393802
297,730.2671910678639
494,719.042448442586
691,701.4576146985298
888,663.0765317118044
1085,656.8445423720901
1282,650.20743633099
1479,647.812455895147
1676,641.5804665554328
1873,639.085945078581
2070,631.3455328508124
3055,624.0224569665551
3449,621.2108297461191
8768,618.4996377509613
8965,617.0619966552833
