Evaluations,BestCost
0,1592.1054223759224
100,755.1463530880912
299,738.7377847689042
498,720.6347241167011
697,683.9245341969713
896,676.6671601815323
1095,654.3395372624758
1294,637.8775772894602
1692,633.7817593191356
1891,629.1708817553184
2090,623.3871195373025
2289,623.3408018838961
2488,621.3939623300057
2687,621.3476446765992
3284,620.811569461682
4279,620.1006826861333
