Evaluations,BestCost
0,1480.3683438152898
100,775.2659314568068
292,757.0939084287311
484,737.8124951213811
676,721.9138758004011
868,690.9638595155732
1060,674.80385583036
1252,663.9440968434477
1444,648.2381418598758
1636,646.7535892494209
2020,642.4994231518964
2404,635.3386737342078
2596,635.3181922099609
2980,631.7733354347915
