Evaluations,BestCost
0,1624.2329865780898
100,745.6532451580525
292,729.9964870807769
484,722.144801906807
676,703.1595195456777
868,693.8084494526414
1060,675.3661548299369
1252,667.6385819287518
1444,661.671244930212
1636,661.0187690877134
1828,657.7736956985797
2020,648.4431847802415
2404,647.790708937743
3172,644.8479539879565
3556,642.214582436648
3748,631.8179790661906
3940,628.7049258627968
4132,619.0928513592246
57892,617.4712880357473
66532,615.5153848533888
