Evaluations,BestCost
0,1768.3997702625416
100,851.7433813388701
302,807.6064438665289
504,767.3023775803854
706,750.9098979313696
908,748.8778939311446
1110,739.4608636755087
1312,733.8228185692915
1514,724.714911770093
1716,724.1358800582441
2120,721.4271822394991
2322,720.3714541494983
3130,720.3380146042106
4342,714.7446116285801
6564,701.0847126090894
7170,699.5658814190364
8180,696.5184251406947
8382,687.9431048173526
14846,683.1159583141429
15250,680.3930107854716
