Evaluations,BestCost
0,1760.229445274742
100,812.8107125677775
297,786.3222287481437
494,760.3794039116242
691,735.188503944074
888,701.5173279663117
1085,684.6426654991316
1282,675.1672085568806
1479,651.5507271579711
1676,642.0752702157201
1873,637.510065382473
2070,633.3843869292774
2267,633.0334418414747
167156,631.5519478150716
167944,631.3610015424905
169126,627.4610423712563
169717,627.2386352634102
169914,623.975427591778
170111,623.0807955710543
265459,617.0174240946899
