Evaluations,BestCost
0,1760.458547743768
100,995.5388164423692
302,981.7261280776212
504,934.6674566757654
706,924.2791919432302
908,919.6522784201327
1110,913.4612900995485
1312,910.1352301373549
1514,899.4687571695949
1716,892.7948578613073
1918,881.7307058024986
2120,880.1854624564897
2322,877.3553651483427
2524,867.6472505964684
2726,860.7259414057153
2928,857.8816101357547
3130,856.732938624484
5756,856.6866165341539
6564,849.9323996709772
261084,849.4727457084871
