Evaluations,BestCost
0,1692.6657102407032
100,899.1821021578751
302,891.1849034102729
504,867.4692315610996
706,859.0701136747844
908,851.6868086669988
1110,838.2914922990683
1312,834.4655636980492
1514,831.0784770942756
1716,827.317959038184
1918,821.5849897511733
2120,818.8160184239322
2524,815.9280432211516
2726,812.3706668143851
3130,804.8810070331527
3332,801.9881403959771
3534,801.9881403959769
4140,800.6916774328056
11008,789.6861730076417
