Evaluations,BestCost
0,1744.5704559915848
100,856.008054391096
302,850.4727845882418
504,838.711657556443
706,835.8236823536624
908,816.559589283906
1110,813.5608177148765
1312,809.8002996587849
1514,801.8031009111826
1716,798.915125708402
1918,796.1461543811608
3534,793.753670443042
3938,793.4603923223142
4140,790.6945219840588
31208,788.1059141272622
31612,787.1873987250124
