Evaluations,BestCost
0,1695.8803110991853
100,962.3289782037396
299,931.992221907631
498,875.3600520051695
697,857.5170684942542
896,831.5717194825232
1095,816.0910007881107
1294,794.712983708461
1493,790.278552401084
1692,787.509581073843
1891,785.2903662463282
2090,785.0471130946512
2289,772.8963078028603
2488,765.4354883579408
3085,763.7252790750545
39104,761.0299512968659
267954,760.7046476390399
268352,752.5136951081083
268750,746.8784943634869
