Evaluations,BestCost
0,1516.7688404708801
100,783.7300721933318
299,740.4793881721118
498,721.5075244914597
697,709.9682242155917
896,699.1302607746783
1095,684.4020502631133
1294,639.0120862162856
1493,607.9000051060598
1692,607.2799697965505
2687,603.6284796948548
8458,599.9883911122284
11443,599.9808903504675
50845,598.6444168141018
51243,595.9634754280017
52039,595.9366574842219
98207,595.8416347122126
