Evaluations,BestCost
0,1794.094145972777
100,894.3892652360922
299,883.2286264152575
498,863.0144401666663
697,823.5293013578764
896,821.6841443512762
1095,800.8917566650557
1294,798.2822881879836
1493,786.9698400235876
1692,777.4004297748685
1891,762.6736946031668
2090,760.4794118616235
2289,757.7104405343824
2488,752.6857426867014
2886,751.3310348325948
3682,747.8978728630086
