Evaluations,BestCost
0,1710.4142073391722
100,782.2152840970107
297,759.600679978426
494,751.7294864987539
691,740.2663135444539
888,730.3369394053125
1085,722.6091906869196
1282,716.5756040620586
1479,693.3787843007334
1676,673.5182182065635
1873,665.4714048019198
2070,636.1421819122229
2267,627.4243877529132
2464,627.0908446773974
2661,623.7976638100885
2858,620.5095880022977
3055,617.9386187135069
67277,616.9550983096211
68459,616.5740243363053
