Evaluations,BestCost
0,1867.7380475832708
100,907.305808389032
302,902.5872748229461
706,899.417065040837
908,896.3807926244111
1110,894.8355492784023
