Evaluations,BestCost
0,1621.879601458359
100,854.8813663658428
302,849.0512171459364
504,838.2057685900874
706,834.1439142151931
908,822.3302976556901
1110,815.3815618596799
1312,814.6082011126263
1514,811.943526820673
1716,808.8752318256157
2120,802.6370980248454
2322,799.7491228220648
2726,797.4082327024388
4140,796.1117697392675
4342,793.9011094433924
4948,781.5157325962787
5150,780.685605144562
5756,779.3891421813908
36460,773.3832266631842
36864,771.0423365435582
37268,770.2122090918417
