Evaluations,BestCost
0,1691.9808129826215
100,958.6057425413303
302,953.6693058363535
504,944.7773414916313
706,937.5404798561398
908,935.1794097697386
1110,928.2581005789855
1312,925.8838879143331
1514,924.2243681417059
1716,923.0093783347296
1918,921.8282803680103
3130,921.5979444360579
4140,913.9122708785137
4948,907.5273406449835
15452,902.2662390657283
