Evaluations,BestCost
0,1871.1624013966473
100,949.9857810456838
301,933.8726872511016
502,898.8584552733192
703,874.9709114210325
904,874.6527246658783
1105,859.3701171300366
1306,858.5967563829831
1507,851.9380724125353
1708,850.402280004481
1909,845.611191796581
2713,838.8252782420922
3316,838.1582016397701
3517,837.3919147700315
4924,836.7248381677093
5929,832.209460532549
12763,829.0599777017972
