Evaluations,BestCost
0,2030.255839348308
100,1219.2767268623245
301,1211.7436631599267
502,1179.7976073631094
703,1136.8968496303382
904,1123.7311219439182
1105,1083.4573870180036
1306,1083.0547204430197
1507,1079.400068207859
1708,1066.3741982404147
1909,1058.5384757147463
2311,1058.0563790858214
6733,1056.6389134040062
6934,1055.4030223342832
68239,1050.8417587258523
69646,1049.8112929828787
277078,1047.5253342950973
