Evaluations,BestCost
0,2125.2705353114707
100,946.1501323010775
301,932.583178228883
502,912.1176247511395
703,902.7474948579297
904,900.5294881305545
1105,888.2539588731541
1306,877.7296059507677
1507,867.7561982333557
1708,859.3428682787496
1909,846.6227217376858
2311,842.0092134339293
2512,837.8757703835155
2713,837.8670778101983
2914,837.8465962859514
5326,831.2746420241803
42310,830.0762141781471
45727,821.2747961257279
67636,819.3979384888096
