Evaluations,BestCost
0,2508.8502362413574
100,1149.460259868628
302,1137.1451447789639
504,1128.7387600700226
706,1120.7510108764998
908,1108.4358957868355
1110,1105.068210572622
1312,1095.8179414488225
1514,1088.223885578096
1716,1052.5530944548966
1918,1051.885835498537
2120,1049.2371647696405
2928,1047.2101606465667
3130,1046.6555729314807
8786,1044.8204217323853
9190,1043.216110501606
9998,1038.3357837451954
