Evaluations,BestCost
0,2668.6482659781836
100,1147.0799284079292
302,1139.5956588730787
504,1099.8187940955238
706,1070.2996196561735
908,1068.2156567971356
1110,1061.2687930534817
1312,1056.7791970580877
1716,1056.5098479342105
2120,1049.0255783993603
5554,1045.8934785004299
6160,1036.086688456473
6564,1035.0452020033263
8988,1034.3165546517102
126148,1029.5353888110803
134430,1019.2430800407827
