Evaluations,BestCost
0,2633.5728785132683
100,1065.2518089707041
302,1037.4027466688867
706,1018.9604088491496
908,1004.6119189815961
1110,991.6857190979051
1514,988.5261341523249
1716,987.1647860810074
1918,980.8810603169286
2322,975.9410030828788
2928,973.7867847885107
3332,970.2673208809086
4140,966.9420174879441
13432,966.2102457199765
142914,963.4281160486685
143924,962.6681044151142
