Evaluations,BestCost
0,1978.6845186693113
100,978.0130647368983
292,943.9791912877283
484,859.7697130405534
676,845.0548233387196
868,841.8236888891597
1060,832.0645621765967
1252,829.6289256128283
1444,823.1322357988223
1636,820.6289115508248
2404,820.4527285316356
