Evaluations,BestCost
0,2200.107953111225
100,1082.9261001840582
292,971.4032156520713
484,955.9050117467849
676,872.9013318484893
1060,845.4194244837629
1252,822.6232792642286
1444,810.8066872875382
1636,806.529778159293
1828,806.5297781592928
2020,801.3707750292864
2212,798.9433619570968
2404,797.4512901189912
127972,792.5838207006376
128356,792.5838207006375
128548,789.257323202798
128932,787.0818888551103
