Evaluations,BestCost
100,1224.7009210602605
292,1174.7704084366924
484,1065.0950717436465
676,1039.1761195168153
868,1017.8209567215001
1060,1014.257746341787
1252,1011.8364239818688
1444,1011.0162297996058
8932,1008.2893506304633
14116,1004.9855005843846
14308,992.3433005954807
14692,982.3541747891945
