Evaluations,BestCost
100,1399.7959010701904
292,1377.4249523664316
484,1322.9182588373287
676,1308.0540509385446
868,1280.1265536275446
1060,1262.4188555764322
1252,1252.9728530156376
1444,1242.659674239022
1636,1233.8935919893443
1828,1227.8835558750175
2020,1218.7413156077428
2212,1212.401505360795
2596,1212.2699550453895
3940,1208.3089924626343
4132,1199.0605622862722
15844,1197.733293958774
16228,1188.1682010892214
18148,1184.3695817790572
18916,1184.0008486806414
