Evaluations,BestCost
100,1440.6583131093698
292,1380.601388385113
484,1323.4901007622373
676,1312.9871011715206
868,1294.0209978785717
1060,1269.8909997484916
1444,1254.5193814036672
1636,1247.403641153575
1828,1240.1845704050002
2020,1227.910186793057
2212,1227.1010105373143
2404,1224.7652572470595
3364,1219.1217323476567
3556,1211.5142934990317
4324,1209.1908608467302
22756,1208.7199394404886
24100,1208.7199394404884
