Evaluations,BestCost
100,1033.9258335909428
292,932.3138138845138
484,894.3629316871587
676,862.2428520282544
868,842.906776453289
1060,831.098053448563
1252,829.2661605971864
1444,828.5559994600791
1636,813.6561452033184
1828,803.9011717875311
2020,790.2938150746887
2212,783.5232021785988
2404,771.6262311933372
2596,753.9988486682469
2788,751.7526374170116
3364,750.0727923212607
4708,749.7165011515142
76900,749.6578113789639
