Evaluations,BestCost
100,363.33596653973837
292,342.9880279371728
484,313.06096589165134
676,288.36215913905943
868,276.4805664605407
1060,271.4374550120276
1252,267.2310341567221
1444,256.4440261516654
1636,256.0489456941517
2020,255.49658658624364
2788,251.7919163275467
106852,251.19693662348698
107236,247.77121070168448
