Evaluations,BestCost
100,513.9954465891306
292,481.63905527394905
484,480.81112989958183
676,454.39834280459837
1444,454.0587604926313
1636,451.94709212981854
