Evaluations,BestCost
100,508.8168016562669
292,489.8609943745272
484,464.0690944248492
868,462.68870249339477
1060,462.6887024933947
