Evaluations,BestCost
100,520.6582986509391
292,488.27745485519813
484,459.47064729880464
868,458.17494447453697
1252,454.39834280459837
1828,454.0587604926313
2020,451.9470921298185
