Evaluations,BestCost
100,512.367276130628
292,504.2271927685039
484,495.8644916074215
676,491.1317964396658
1060,482.76909527858334
1252,465.45501098132644
1636,461.31892605141314
119332,457.94573374938545
