Evaluations,BestCost
100,480.85478964329394
292,462.934751450286
