Evaluations,BestCost
100,374.52982896358515
292,368.45418805556085
484,338.80052863387266
676,318.7565280894786
868,306.7480157685998
1060,300.29535758889904
1252,294.9078664193233
1444,288.4552082396225
2212,288.12443470700515
2788,279.9027659950217
2980,274.93396204859283
