Evaluations,BestCost
100,423.86352043136833
292,396.10754829566406
484,369.5776747724937
676,326.2687336849838
868,316.74422730186217
1060,311.7968786944148
1252,302.8481419680863
1444,291.8343065497128
1636,278.1652057440583
1828,275.5670252948038
2020,274.6752404387852
2212,273.6502610134097
2596,272.89554062167144
2788,269.53413464987557
3748,269.4450042702314
3940,265.0178569851822
4132,260.69555240629614
4324,250.0717952926932
4708,244.8495120986285
6820,243.03715176714286
