Evaluations,BestCost
100,437.3939339486177
292,422.3885248200146
484,378.935184038085
676,361.3390910087702
868,356.45149819786093
1060,338.8554051685461
1252,330.04012346303887
1444,318.42932360688184
1636,315.03047921073664
2020,307.13101768844894
2212,305.6380685263949
2404,286.7553886772778
2788,278.88492320875946
2980,274.91899257514706
3172,274.6259953074209
4516,272.50963697276154
7204,267.1515892966032
