Evaluations,BestCost
100,436.57758883684266
292,403.29349995013536
484,368.1481221820659
676,340.69860062106113
868,328.2556501898981
1060,320.7812441790804
1252,309.79149688328096
1444,296.0849577010216
1828,287.7406465533529
2020,282.8615397950849
2212,276.1517544955341
2596,270.0575174633551
2980,268.57703929002946
3172,266.63761132194537
3364,262.08736205718867
3556,260.7921168953478
4516,257.3663909735453
9700,256.05882374026226
