Evaluations,BestCost
100,398.1558743234915
292,385.6030445035444
484,376.03954986206566
676,357.65676673876516
868,337.3173132951365
1060,308.60126226518787
1252,292.06027682144514
1444,283.35572606478314
12964,282.525053941751
57508,278.7550240154887
57700,275.7719202336814
58852,264.2568888258141
