Evaluations,BestCost
100,383.57480973548365
292,356.1197692059154
484,338.8777785149084
676,305.1080520118003
868,304.95104408327836
1060,290.7631614626451
1252,280.52533446687073
1444,275.2181254955865
1636,270.3416413947655
2212,265.7834954035866
2404,259.8272236351504
2596,259.407768092992
2980,253.85073050469373
3556,253.8507305046937
4132,246.049722065152
4708,246.04972206515197
