Evaluations,BestCost
100,791.3284307305788
292,715.7043040503241
484,696.3728764739616
676,669.2987632565028
868,646.5572135644303
1060,640.3282032427742
1252,634.1805332962894
1444,629.2379868260828
1636,617.7439179647337
1828,614.0358235309862
2788,604.9217993008002
2980,602.3888454087403
3172,596.0879071488256
3556,595.9550800240509
3748,595.807498520667
