Evaluations,BestCost
100,436.5015623593055
292,382.0878938850912
484,361.54240897391406
676,335.3005346345215
868,314.4082463151765
1060,311.2334191036374
1252,302.95160732693955
1444,302.34764515255284
1636,288.6231574003141
1828,285.3884842703892
2020,278.11479693295576
2212,269.18332863331614
2404,265.75760271151364
2596,265.07470791814757
137956,264.01684224058965
140260,261.6553745289747
