Evaluations,BestCost
100,838.3224525434565
292,824.1495225926415
484,812.4327519158495
676,799.5909158767439
868,791.4233715615521
1060,766.5456328976742
1252,766.2029851403355
1444,762.9998388627754
1636,756.8784548877832
2020,754.0738964646646
17188,752.1012216684376
24868,751.1679124289262
93604,750.2998129515893
108004,749.8129902155154
