Evaluations,BestCost
100,887.3841895522498
292,873.1270626798132
484,849.7380821180594
676,839.833624169351
868,829.8948018480521
1060,818.0849242912816
1252,812.7212798767334
1444,806.3937919378375
4132,805.8892060152085
4516,801.1876178838965
5092,800.8720030878318
23908,797.2317752158773
24100,796.664712829796
24292,788.4705282273043
32164,787.8752950633154
