Instance,BestCost,MeanCost,StdDevCost,MeanIterations,Satisfability
A-n45-k6,998.0597785104195,1101.422711927638,63.606589265379675,204968.4,44/44
